"Id","Path","Slice Name","Alias(s)","Label","Min","Max","Must Support?","Is Modifier?","Is Summary?","Type(s)","Short","Definition","Comments","Requirements","Default Value","Meaning When Missing","Fixed Value","Pattern","Example","Minimum Value","Maximum Value","Maximum Length","Binding Strength","Binding Description","Binding Value Set","Code","Slicing Discriminator","Slicing Description","Slicing Ordered","Slicing Rules","Base Path","Base Min","Base Max","Condition(s)","Constraint(s)"
"mii-lm-mikrobio-untersuchungsarten","mii-lm-mikrobio-untersuchungsarten","","","",0,*,"","","","null {[]} {[]}
","Mikrobiologische Untersuchungsarten","Die fachlichen Ausprägungen einer mikrobiologischen Untersuchung. Jede Ausprägung ergänzt die von MII_LM_Mikrobio_Untersuchung geerbten gemeinsamen Angaben um ihre spezifischen Attribute.","","","","","","","","","",,,,,"",,,,"Element",0,*,"ele-1
","ele-1:All FHIR elements must have a @value or children {hasValue() or (children().count() > id.count())}
"
"mii-lm-mikrobio-untersuchungsarten.id","mii-lm-mikrobio-untersuchungsarten.id","","","",0,1,"","","","string {[]} {[]}
","Unique id for inter-element referencing","Unique id for the element within a resource (for internal references). This may be any string value that does not contain spaces.","","","","","","","","","",,,,,"",,,,"Element.id",0,1,"",""
"mii-lm-mikrobio-untersuchungsarten.extension","mii-lm-mikrobio-untersuchungsarten.extension","","extensions
user content","",0,*,"","","","Extension {[]} {[]}
","Additional content defined by implementations","May be used to represent additional information that is not part of the basic definition of the element. To make the use of extensions safe and manageable, there is a strict set of governance  applied to the definition and use of extensions. Though any implementer can define an extension, there is a set of requirements that SHALL be met as part of the definition of the extension.","There can be no stigma associated with the use of extensions by any application, project, or standard - regardless of the institution or jurisdiction that uses or defines the extensions.  The use of extensions is what allows the FHIR specification to retain a core level of simplicity for everyone.","","","","","","","","",,,,,"","value:url}
","Extensions are always sliced by (at least) url",,"open","Element.extension",0,*,"","ele-1:All FHIR elements must have a @value or children {hasValue() or (children().count() > id.count())}
ext-1:Must have either extensions or value[x], not both {extension.exists() != value.exists()}"
"mii-lm-mikrobio-untersuchungsarten.Identifikation","mii-lm-mikrobio-untersuchungsarten.Identifikation","","","",1,*,"","","","Identifier {[]} {[]}
","Identifikation","Eindeutiger Identifikator der Untersuchung.","","","","","","","","","",,,,,"",,,,"mii-lm-mikrobio-untersuchung.Identifikation",1,*,"",""
"mii-lm-mikrobio-untersuchungsarten.Status","mii-lm-mikrobio-untersuchungsarten.Status","","","",1,1,"","","","code {[]} {[]}
","Status","Status der Untersuchung (z. B. vorläufig, final, korrigiert).","","","","","","","","","",,,,,"",,,,"mii-lm-mikrobio-untersuchung.Status",1,1,"",""
"mii-lm-mikrobio-untersuchungsarten.Patient","mii-lm-mikrobio-untersuchungsarten.Patient","","","",1,1,"","","","Reference {[]} {[CanonicalType[http://hl7.org/fhir/StructureDefinition/Patient]]}
","Patient","Patient, von dem das untersuchte Probenmaterial stammt.","","","","","","","","","",,,,,"",,,,"mii-lm-mikrobio-untersuchung.Patient",1,1,"",""
"mii-lm-mikrobio-untersuchungsarten.Probenmaterial","mii-lm-mikrobio-untersuchungsarten.Probenmaterial","","","",1,1,"","","","Reference {[]} {[CanonicalType[http://hl7.org/fhir/StructureDefinition/Specimen]]}
","Probenmaterial","Untersuchtes Probenmaterial. Die Probenart wird über das Probenmaterial abgebildet und nicht über präkoordinierte Untersuchungscodes.","","","","","","","","","",,,,,"",,,,"mii-lm-mikrobio-untersuchung.Probenmaterial",1,1,"",""
"mii-lm-mikrobio-untersuchungsarten.Untersuchungszeitpunkt","mii-lm-mikrobio-untersuchungsarten.Untersuchungszeitpunkt","","","",1,1,"","","","dateTime {[]} {[]}
","Untersuchungszeitpunkt","Klinisch relevanter Zeitpunkt der Untersuchung.","","","","","","","","","",,,,,"",,,,"mii-lm-mikrobio-untersuchung.Untersuchungszeitpunkt",1,1,"",""
"mii-lm-mikrobio-untersuchungsarten.QuelleUntersuchungszeitpunkt","mii-lm-mikrobio-untersuchungsarten.QuelleUntersuchungszeitpunkt","","","",0,1,"","","","Coding {[]} {[]}
","Quelle des Untersuchungszeitpunkts","Gibt an, worauf sich der Untersuchungszeitpunkt bezieht, z. B. Zeitpunkt der Probenentnahme oder Laboreingang.","","","","","","","","","",,,,,"",,,,"mii-lm-mikrobio-untersuchung.QuelleUntersuchungszeitpunkt",0,1,"",""
"mii-lm-mikrobio-untersuchungsarten.Dokumentationszeitpunkt","mii-lm-mikrobio-untersuchungsarten.Dokumentationszeitpunkt","","","",0,1,"","","","dateTime {[]} {[]}
","Dokumentationszeitpunkt","Zeitpunkt, zu dem das Untersuchungsergebnis verfügbar gemacht wurde.","","","","","","","","","",,,,,"",,,,"mii-lm-mikrobio-untersuchung.Dokumentationszeitpunkt",0,1,"",""
"mii-lm-mikrobio-untersuchungsarten.InterpretationsbeeinflussendeEigenschaft","mii-lm-mikrobio-untersuchungsarten.InterpretationsbeeinflussendeEigenschaft","","","",0,*,"","","","Coding {[]} {[]}
","Interpretationsbeeinflussende Eigenschaft","Eigenschaft der Untersuchung oder der Probe, die die Interpretation des Ergebnisses einschränkt oder verändert, z. B. Hämolyse, Lipämie oder unzureichende Probenmenge. Die Angabe verändert die Bedeutung des Ergebnisses und darf nicht ignoriert werden.","","","","","","","","","",,,,,"",,,,"mii-lm-mikrobio-untersuchung.InterpretationsbeeinflussendeEigenschaft",0,*,"",""
"mii-lm-mikrobio-untersuchungsarten.Hinweis","mii-lm-mikrobio-untersuchungsarten.Hinweis","","","",0,*,"","","","string {[]} {[]}
","Hinweis","Freitextliche Kommentierung der Untersuchung.","","","","","","","","","",,,,,"",,,,"mii-lm-mikrobio-untersuchung.Hinweis",0,*,"",""
"mii-lm-mikrobio-untersuchungsarten.AusloesendeUntersuchung","mii-lm-mikrobio-untersuchungsarten.AusloesendeUntersuchung","","","",0,*,"","","","BackboneElement {[]} {[]}
","Auslösende Untersuchung","Vorangegangene Untersuchung, die diese Untersuchung ausgelöst hat, z. B. eine durch ein Vorergebnis angestoßene Folgediagnostik (Reflextestung).","","","","","","","","","",,,,,"",,,,"mii-lm-mikrobio-untersuchung.AusloesendeUntersuchung",0,*,"","ele-1:All FHIR elements must have a @value or children {hasValue() or (children().count() > id.count())}
"
"mii-lm-mikrobio-untersuchungsarten.AusloesendeUntersuchung.id","mii-lm-mikrobio-untersuchungsarten.AusloesendeUntersuchung.id","","","",0,1,"","","","string {[]} {[]}
","Unique id for inter-element referencing","Unique id for the element within a resource (for internal references). This may be any string value that does not contain spaces.","","","","","","","","","",,,,,"",,,,"Element.id",0,1,"",""
"mii-lm-mikrobio-untersuchungsarten.AusloesendeUntersuchung.extension","mii-lm-mikrobio-untersuchungsarten.AusloesendeUntersuchung.extension","","extensions
user content","",0,*,"","","","Extension {[]} {[]}
","Additional content defined by implementations","May be used to represent additional information that is not part of the basic definition of the element. To make the use of extensions safe and manageable, there is a strict set of governance  applied to the definition and use of extensions. Though any implementer can define an extension, there is a set of requirements that SHALL be met as part of the definition of the extension.","There can be no stigma associated with the use of extensions by any application, project, or standard - regardless of the institution or jurisdiction that uses or defines the extensions.  The use of extensions is what allows the FHIR specification to retain a core level of simplicity for everyone.","","","","","","","","",,,,,"","value:url}
","Extensions are always sliced by (at least) url",,"open","Element.extension",0,*,"","ele-1:All FHIR elements must have a @value or children {hasValue() or (children().count() > id.count())}
ext-1:Must have either extensions or value[x], not both {extension.exists() != value.exists()}"
"mii-lm-mikrobio-untersuchungsarten.AusloesendeUntersuchung.modifierExtension","mii-lm-mikrobio-untersuchungsarten.AusloesendeUntersuchung.modifierExtension","","extensions
user contentmodifiers","",0,*,"","Y","Y","Extension {[]} {[]}
","Extensions that cannot be ignored even if unrecognized","May be used to represent additional information that is not part of the basic definition of the element and that modifies the understanding of the element in which it is contained and/or the understanding of the containing element's descendants. Usually modifier elements provide negation or qualification. To make the use of extensions safe and manageable, there is a strict set of governance applied to the definition and use of extensions. Though any implementer can define an extension, there is a set of requirements that SHALL be met as part of the definition of the extension. Applications processing a resource are required to check for modifier extensions.

Modifier extensions SHALL NOT change the meaning of any elements on Resource or DomainResource (including cannot change the meaning of modifierExtension itself).","There can be no stigma associated with the use of extensions by any application, project, or standard - regardless of the institution or jurisdiction that uses or defines the extensions.  The use of extensions is what allows the FHIR specification to retain a core level of simplicity for everyone.","Modifier extensions allow for extensions that *cannot* be safely ignored to be clearly distinguished from the vast majority of extensions which can be safely ignored.  This promotes interoperability by eliminating the need for implementers to prohibit the presence of extensions. For further information, see the [definition of modifier extensions](http://hl7.org/fhir/R4/extensibility.html#modifierExtension).","","","","","","","",,,,,"",,,,"BackboneElement.modifierExtension",0,*,"","ele-1:All FHIR elements must have a @value or children {hasValue() or (children().count() > id.count())}
ext-1:Must have either extensions or value[x], not both {extension.exists() != value.exists()}"
"mii-lm-mikrobio-untersuchungsarten.AusloesendeUntersuchung.Untersuchung","mii-lm-mikrobio-untersuchungsarten.AusloesendeUntersuchung.Untersuchung","","","",1,1,"","","","Reference {[]} {[CanonicalType[https://www.medizininformatik-initiative.de/fhir/modul-mikrobio/StructureDefinition/mii-lm-mikrobio-untersuchung]]}
","Untersuchung","Die auslösende Untersuchung.","","","","","","","","","",,,,,"",,,,"mii-lm-mikrobio-untersuchung.AusloesendeUntersuchung.Untersuchung",1,1,"",""
"mii-lm-mikrobio-untersuchungsarten.AusloesendeUntersuchung.Art","mii-lm-mikrobio-untersuchungsarten.AusloesendeUntersuchung.Art","","","",1,1,"","","","code {[]} {[]}
","Art","Art der Auslösung: reflex | repeat | re-run.","","","","","","","","","",,,,,"",,,,"mii-lm-mikrobio-untersuchung.AusloesendeUntersuchung.Art",1,1,"",""
"mii-lm-mikrobio-untersuchungsarten.AusloesendeUntersuchung.Grund","mii-lm-mikrobio-untersuchungsarten.AusloesendeUntersuchung.Grund","","","",0,1,"","","","string {[]} {[]}
","Grund","Begründung, warum diese Untersuchung ausgelöst wurde.","","","","","","","","","",,,,,"",,,,"mii-lm-mikrobio-untersuchung.AusloesendeUntersuchung.Grund",0,1,"",""
"mii-lm-mikrobio-untersuchungsarten.Kultur","mii-lm-mikrobio-untersuchungsarten.Kultur","","","",0,*,"","","","BackboneElement {[]} {[]}
","Kultur","Kulturbasierte und mikroskopische Untersuchungen sowie die daran anschließende Empfindlichkeitstestung.","","","","","","","","","",,,,,"",,,,"mii-lm-mikrobio-untersuchungsarten.Kultur",0,*,"","ele-1:All FHIR elements must have a @value or children {hasValue() or (children().count() > id.count())}
"
"mii-lm-mikrobio-untersuchungsarten.Kultur.id","mii-lm-mikrobio-untersuchungsarten.Kultur.id","","","",0,1,"","","","string {[]} {[]}
","Unique id for inter-element referencing","Unique id for the element within a resource (for internal references). This may be any string value that does not contain spaces.","","","","","","","","","",,,,,"",,,,"Element.id",0,1,"",""
"mii-lm-mikrobio-untersuchungsarten.Kultur.extension","mii-lm-mikrobio-untersuchungsarten.Kultur.extension","","extensions
user content","",0,*,"","","","Extension {[]} {[]}
","Additional content defined by implementations","May be used to represent additional information that is not part of the basic definition of the element. To make the use of extensions safe and manageable, there is a strict set of governance  applied to the definition and use of extensions. Though any implementer can define an extension, there is a set of requirements that SHALL be met as part of the definition of the extension.","There can be no stigma associated with the use of extensions by any application, project, or standard - regardless of the institution or jurisdiction that uses or defines the extensions.  The use of extensions is what allows the FHIR specification to retain a core level of simplicity for everyone.","","","","","","","","",,,,,"","value:url}
","Extensions are always sliced by (at least) url",,"open","Element.extension",0,*,"","ele-1:All FHIR elements must have a @value or children {hasValue() or (children().count() > id.count())}
ext-1:Must have either extensions or value[x], not both {extension.exists() != value.exists()}"
"mii-lm-mikrobio-untersuchungsarten.Kultur.modifierExtension","mii-lm-mikrobio-untersuchungsarten.Kultur.modifierExtension","","extensions
user contentmodifiers","",0,*,"","Y","Y","Extension {[]} {[]}
","Extensions that cannot be ignored even if unrecognized","May be used to represent additional information that is not part of the basic definition of the element and that modifies the understanding of the element in which it is contained and/or the understanding of the containing element's descendants. Usually modifier elements provide negation or qualification. To make the use of extensions safe and manageable, there is a strict set of governance applied to the definition and use of extensions. Though any implementer can define an extension, there is a set of requirements that SHALL be met as part of the definition of the extension. Applications processing a resource are required to check for modifier extensions.

Modifier extensions SHALL NOT change the meaning of any elements on Resource or DomainResource (including cannot change the meaning of modifierExtension itself).","There can be no stigma associated with the use of extensions by any application, project, or standard - regardless of the institution or jurisdiction that uses or defines the extensions.  The use of extensions is what allows the FHIR specification to retain a core level of simplicity for everyone.","Modifier extensions allow for extensions that *cannot* be safely ignored to be clearly distinguished from the vast majority of extensions which can be safely ignored.  This promotes interoperability by eliminating the need for implementers to prohibit the presence of extensions. For further information, see the [definition of modifier extensions](http://hl7.org/fhir/R4/extensibility.html#modifierExtension).","","","","","","","",,,,,"",,,,"BackboneElement.modifierExtension",0,*,"","ele-1:All FHIR elements must have a @value or children {hasValue() or (children().count() > id.count())}
ext-1:Must have either extensions or value[x], not both {extension.exists() != value.exists()}"
"mii-lm-mikrobio-untersuchungsarten.Kultur.AllgemeineKultur","mii-lm-mikrobio-untersuchungsarten.Kultur.AllgemeineKultur","","","",0,*,"","","","BackboneElement {[]} {[]}
","Allgemeine Kultur","Ergebnis einer nicht zielgerichteten mikrobiologischen Kultur, die prüft, ob in der Probe irgendein Mikroorganismus wächst.","","","","","","","","","",,,,,"",,,,"mii-lm-mikrobio-untersuchungsarten.Kultur.AllgemeineKultur",0,*,"","ele-1:All FHIR elements must have a @value or children {hasValue() or (children().count() > id.count())}
"
"mii-lm-mikrobio-untersuchungsarten.Kultur.AllgemeineKultur.id","mii-lm-mikrobio-untersuchungsarten.Kultur.AllgemeineKultur.id","","","",0,1,"","","","string {[]} {[]}
","Unique id for inter-element referencing","Unique id for the element within a resource (for internal references). This may be any string value that does not contain spaces.","","","","","","","","","",,,,,"",,,,"Element.id",0,1,"",""
"mii-lm-mikrobio-untersuchungsarten.Kultur.AllgemeineKultur.extension","mii-lm-mikrobio-untersuchungsarten.Kultur.AllgemeineKultur.extension","","extensions
user content","",0,*,"","","","Extension {[]} {[]}
","Additional content defined by implementations","May be used to represent additional information that is not part of the basic definition of the element. To make the use of extensions safe and manageable, there is a strict set of governance  applied to the definition and use of extensions. Though any implementer can define an extension, there is a set of requirements that SHALL be met as part of the definition of the extension.","There can be no stigma associated with the use of extensions by any application, project, or standard - regardless of the institution or jurisdiction that uses or defines the extensions.  The use of extensions is what allows the FHIR specification to retain a core level of simplicity for everyone.","","","","","","","","",,,,,"","value:url}
","Extensions are always sliced by (at least) url",,"open","Element.extension",0,*,"","ele-1:All FHIR elements must have a @value or children {hasValue() or (children().count() > id.count())}
ext-1:Must have either extensions or value[x], not both {extension.exists() != value.exists()}"
"mii-lm-mikrobio-untersuchungsarten.Kultur.AllgemeineKultur.modifierExtension","mii-lm-mikrobio-untersuchungsarten.Kultur.AllgemeineKultur.modifierExtension","","extensions
user contentmodifiers","",0,*,"","Y","Y","Extension {[]} {[]}
","Extensions that cannot be ignored even if unrecognized","May be used to represent additional information that is not part of the basic definition of the element and that modifies the understanding of the element in which it is contained and/or the understanding of the containing element's descendants. Usually modifier elements provide negation or qualification. To make the use of extensions safe and manageable, there is a strict set of governance applied to the definition and use of extensions. Though any implementer can define an extension, there is a set of requirements that SHALL be met as part of the definition of the extension. Applications processing a resource are required to check for modifier extensions.

Modifier extensions SHALL NOT change the meaning of any elements on Resource or DomainResource (including cannot change the meaning of modifierExtension itself).","There can be no stigma associated with the use of extensions by any application, project, or standard - regardless of the institution or jurisdiction that uses or defines the extensions.  The use of extensions is what allows the FHIR specification to retain a core level of simplicity for everyone.","Modifier extensions allow for extensions that *cannot* be safely ignored to be clearly distinguished from the vast majority of extensions which can be safely ignored.  This promotes interoperability by eliminating the need for implementers to prohibit the presence of extensions. For further information, see the [definition of modifier extensions](http://hl7.org/fhir/R4/extensibility.html#modifierExtension).","","","","","","","",,,,,"",,,,"BackboneElement.modifierExtension",0,*,"","ele-1:All FHIR elements must have a @value or children {hasValue() or (children().count() > id.count())}
ext-1:Must have either extensions or value[x], not both {extension.exists() != value.exists()}"
"mii-lm-mikrobio-untersuchungsarten.Kultur.AllgemeineKultur.Untersuchungscode","mii-lm-mikrobio-untersuchungsarten.Kultur.AllgemeineKultur.Untersuchungscode","","","",1,1,"","","","CodeableConcept {[]} {[]}
","Untersuchungscode","Kodierung der Untersuchung; hier fest: Nachweis eines Mikroorganismus mittels Kultur (LOINC).","","","","","","","","","",,,,,"",,,,"mii-lm-mikrobio-untersuchungsarten.Kultur.AllgemeineKultur.Untersuchungscode",1,1,"",""
"mii-lm-mikrobio-untersuchungsarten.Kultur.AllgemeineKultur.Ergebnis","mii-lm-mikrobio-untersuchungsarten.Kultur.AllgemeineKultur.Ergebnis","","","",0,1,"","","","CodeableConcept {[]} {[]}
","Ergebnis","Wachstum oder kein Wachstum in der Probe (SNOMED CT). Ein unbestimmbares Ergebnis wird nicht hier, sondern über den Grund für fehlende Daten abgebildet.","","","","","","","","","",,,,,"",,,,"mii-lm-mikrobio-untersuchungsarten.Kultur.AllgemeineKultur.Ergebnis",0,1,"",""
"mii-lm-mikrobio-untersuchungsarten.Kultur.AllgemeineKultur.Untersuchungsmethode","mii-lm-mikrobio-untersuchungsarten.Kultur.AllgemeineKultur.Untersuchungsmethode","","","",0,1,"","","","CodeableConcept {[]} {[]}
","Untersuchungsmethode","Eingesetztes Kulturverfahren (SNOMED CT).","","","","","","","","","",,,,,"",,,,"mii-lm-mikrobio-untersuchungsarten.Kultur.AllgemeineKultur.Untersuchungsmethode",0,1,"",""
"mii-lm-mikrobio-untersuchungsarten.Kultur.SpezifischeKultur","mii-lm-mikrobio-untersuchungsarten.Kultur.SpezifischeKultur","","","",0,*,"","","","BackboneElement {[]} {[]}
","Spezifische Kultur","Ergebnis einer zielgerichteten mikrobiologischen Kultur, die prüft, ob ein vordefinierter Mikroorganismus in der Probe wächst.","","","","","","","","","",,,,,"",,,,"mii-lm-mikrobio-untersuchungsarten.Kultur.SpezifischeKultur",0,*,"","ele-1:All FHIR elements must have a @value or children {hasValue() or (children().count() > id.count())}
"
"mii-lm-mikrobio-untersuchungsarten.Kultur.SpezifischeKultur.id","mii-lm-mikrobio-untersuchungsarten.Kultur.SpezifischeKultur.id","","","",0,1,"","","","string {[]} {[]}
","Unique id for inter-element referencing","Unique id for the element within a resource (for internal references). This may be any string value that does not contain spaces.","","","","","","","","","",,,,,"",,,,"Element.id",0,1,"",""
"mii-lm-mikrobio-untersuchungsarten.Kultur.SpezifischeKultur.extension","mii-lm-mikrobio-untersuchungsarten.Kultur.SpezifischeKultur.extension","","extensions
user content","",0,*,"","","","Extension {[]} {[]}
","Additional content defined by implementations","May be used to represent additional information that is not part of the basic definition of the element. To make the use of extensions safe and manageable, there is a strict set of governance  applied to the definition and use of extensions. Though any implementer can define an extension, there is a set of requirements that SHALL be met as part of the definition of the extension.","There can be no stigma associated with the use of extensions by any application, project, or standard - regardless of the institution or jurisdiction that uses or defines the extensions.  The use of extensions is what allows the FHIR specification to retain a core level of simplicity for everyone.","","","","","","","","",,,,,"","value:url}
","Extensions are always sliced by (at least) url",,"open","Element.extension",0,*,"","ele-1:All FHIR elements must have a @value or children {hasValue() or (children().count() > id.count())}
ext-1:Must have either extensions or value[x], not both {extension.exists() != value.exists()}"
"mii-lm-mikrobio-untersuchungsarten.Kultur.SpezifischeKultur.modifierExtension","mii-lm-mikrobio-untersuchungsarten.Kultur.SpezifischeKultur.modifierExtension","","extensions
user contentmodifiers","",0,*,"","Y","Y","Extension {[]} {[]}
","Extensions that cannot be ignored even if unrecognized","May be used to represent additional information that is not part of the basic definition of the element and that modifies the understanding of the element in which it is contained and/or the understanding of the containing element's descendants. Usually modifier elements provide negation or qualification. To make the use of extensions safe and manageable, there is a strict set of governance applied to the definition and use of extensions. Though any implementer can define an extension, there is a set of requirements that SHALL be met as part of the definition of the extension. Applications processing a resource are required to check for modifier extensions.

Modifier extensions SHALL NOT change the meaning of any elements on Resource or DomainResource (including cannot change the meaning of modifierExtension itself).","There can be no stigma associated with the use of extensions by any application, project, or standard - regardless of the institution or jurisdiction that uses or defines the extensions.  The use of extensions is what allows the FHIR specification to retain a core level of simplicity for everyone.","Modifier extensions allow for extensions that *cannot* be safely ignored to be clearly distinguished from the vast majority of extensions which can be safely ignored.  This promotes interoperability by eliminating the need for implementers to prohibit the presence of extensions. For further information, see the [definition of modifier extensions](http://hl7.org/fhir/R4/extensibility.html#modifierExtension).","","","","","","","",,,,,"",,,,"BackboneElement.modifierExtension",0,*,"","ele-1:All FHIR elements must have a @value or children {hasValue() or (children().count() > id.count())}
ext-1:Must have either extensions or value[x], not both {extension.exists() != value.exists()}"
"mii-lm-mikrobio-untersuchungsarten.Kultur.SpezifischeKultur.Untersuchungscode","mii-lm-mikrobio-untersuchungsarten.Kultur.SpezifischeKultur.Untersuchungscode","","","",1,1,"","","","CodeableConcept {[]} {[]}
","Untersuchungscode","Kodierung des gesuchten Mikroorganismus und des Kulturverfahrens (LOINC).","","","","","","","","","",,,,,"",,,,"mii-lm-mikrobio-untersuchungsarten.Kultur.SpezifischeKultur.Untersuchungscode",1,1,"",""
"mii-lm-mikrobio-untersuchungsarten.Kultur.SpezifischeKultur.Ergebnis","mii-lm-mikrobio-untersuchungsarten.Kultur.SpezifischeKultur.Ergebnis","","","",0,1,"","","","CodeableConcept {[]} {[]}
","Ergebnis","Wachstum oder kein Wachstum des gesuchten Mikroorganismus (SNOMED CT). Ein unbestimmbares Ergebnis wird nicht hier, sondern über den Grund für fehlende Daten abgebildet.","","","","","","","","","",,,,,"",,,,"mii-lm-mikrobio-untersuchungsarten.Kultur.SpezifischeKultur.Ergebnis",0,1,"",""
"mii-lm-mikrobio-untersuchungsarten.Kultur.SpezifischeKultur.Untersuchungsmethode","mii-lm-mikrobio-untersuchungsarten.Kultur.SpezifischeKultur.Untersuchungsmethode","","","",0,1,"","","","CodeableConcept {[]} {[]}
","Untersuchungsmethode","Eingesetztes Kulturverfahren (SNOMED CT).","","","","","","","","","",,,,,"",,,,"mii-lm-mikrobio-untersuchungsarten.Kultur.SpezifischeKultur.Untersuchungsmethode",0,1,"",""
"mii-lm-mikrobio-untersuchungsarten.Kultur.Mikroskopie","mii-lm-mikrobio-untersuchungsarten.Kultur.Mikroskopie","","","",0,*,"","","","BackboneElement {[]} {[]}
","Mikroskopie","Morphologische Beobachtung von Mikroorganismen mittels mikroskopischer Untersuchung, ohne taxonomische Identifikation.","","","","","","","","","",,,,,"",,,,"mii-lm-mikrobio-untersuchungsarten.Kultur.Mikroskopie",0,*,"","ele-1:All FHIR elements must have a @value or children {hasValue() or (children().count() > id.count())}
"
"mii-lm-mikrobio-untersuchungsarten.Kultur.Mikroskopie.id","mii-lm-mikrobio-untersuchungsarten.Kultur.Mikroskopie.id","","","",0,1,"","","","string {[]} {[]}
","Unique id for inter-element referencing","Unique id for the element within a resource (for internal references). This may be any string value that does not contain spaces.","","","","","","","","","",,,,,"",,,,"Element.id",0,1,"",""
"mii-lm-mikrobio-untersuchungsarten.Kultur.Mikroskopie.extension","mii-lm-mikrobio-untersuchungsarten.Kultur.Mikroskopie.extension","","extensions
user content","",0,*,"","","","Extension {[]} {[]}
","Additional content defined by implementations","May be used to represent additional information that is not part of the basic definition of the element. To make the use of extensions safe and manageable, there is a strict set of governance  applied to the definition and use of extensions. Though any implementer can define an extension, there is a set of requirements that SHALL be met as part of the definition of the extension.","There can be no stigma associated with the use of extensions by any application, project, or standard - regardless of the institution or jurisdiction that uses or defines the extensions.  The use of extensions is what allows the FHIR specification to retain a core level of simplicity for everyone.","","","","","","","","",,,,,"","value:url}
","Extensions are always sliced by (at least) url",,"open","Element.extension",0,*,"","ele-1:All FHIR elements must have a @value or children {hasValue() or (children().count() > id.count())}
ext-1:Must have either extensions or value[x], not both {extension.exists() != value.exists()}"
"mii-lm-mikrobio-untersuchungsarten.Kultur.Mikroskopie.modifierExtension","mii-lm-mikrobio-untersuchungsarten.Kultur.Mikroskopie.modifierExtension","","extensions
user contentmodifiers","",0,*,"","Y","Y","Extension {[]} {[]}
","Extensions that cannot be ignored even if unrecognized","May be used to represent additional information that is not part of the basic definition of the element and that modifies the understanding of the element in which it is contained and/or the understanding of the containing element's descendants. Usually modifier elements provide negation or qualification. To make the use of extensions safe and manageable, there is a strict set of governance applied to the definition and use of extensions. Though any implementer can define an extension, there is a set of requirements that SHALL be met as part of the definition of the extension. Applications processing a resource are required to check for modifier extensions.

Modifier extensions SHALL NOT change the meaning of any elements on Resource or DomainResource (including cannot change the meaning of modifierExtension itself).","There can be no stigma associated with the use of extensions by any application, project, or standard - regardless of the institution or jurisdiction that uses or defines the extensions.  The use of extensions is what allows the FHIR specification to retain a core level of simplicity for everyone.","Modifier extensions allow for extensions that *cannot* be safely ignored to be clearly distinguished from the vast majority of extensions which can be safely ignored.  This promotes interoperability by eliminating the need for implementers to prohibit the presence of extensions. For further information, see the [definition of modifier extensions](http://hl7.org/fhir/R4/extensibility.html#modifierExtension).","","","","","","","",,,,,"",,,,"BackboneElement.modifierExtension",0,*,"","ele-1:All FHIR elements must have a @value or children {hasValue() or (children().count() > id.count())}
ext-1:Must have either extensions or value[x], not both {extension.exists() != value.exists()}"
"mii-lm-mikrobio-untersuchungsarten.Kultur.Mikroskopie.Untersuchungscode","mii-lm-mikrobio-untersuchungsarten.Kultur.Mikroskopie.Untersuchungscode","","","",1,1,"","","","CodeableConcept {[]} {[]}
","Untersuchungscode","Kodierung der Untersuchung; mikroskopische Beobachtung (LOINC).","","","","","","","","","",,,,,"",,,,"mii-lm-mikrobio-untersuchungsarten.Kultur.Mikroskopie.Untersuchungscode",1,1,"",""
"mii-lm-mikrobio-untersuchungsarten.Kultur.Mikroskopie.Ergebnis","mii-lm-mikrobio-untersuchungsarten.Kultur.Mikroskopie.Ergebnis","","","",0,1,"","","","CodeableConcept {[]} {[]}
","Ergebnis","Beobachtete Morphologie (SNOMED CT).","","","","","","","","","",,,,,"",,,,"mii-lm-mikrobio-untersuchungsarten.Kultur.Mikroskopie.Ergebnis",0,1,"",""
"mii-lm-mikrobio-untersuchungsarten.Kultur.Mikroskopie.Untersuchungsmethode","mii-lm-mikrobio-untersuchungsarten.Kultur.Mikroskopie.Untersuchungsmethode","","","",0,1,"","","","CodeableConcept {[]} {[]}
","Untersuchungsmethode","Eingesetztes mikroskopisches Verfahren einschließlich Färbetechnik, z. B. Gramfärbung (SNOMED CT).","","","","","","","","","",,,,,"",,,,"mii-lm-mikrobio-untersuchungsarten.Kultur.Mikroskopie.Untersuchungsmethode",0,1,"",""
"mii-lm-mikrobio-untersuchungsarten.Kultur.BarlettScore","mii-lm-mikrobio-untersuchungsarten.Kultur.BarlettScore","","","",0,*,"","","","BackboneElement {[]} {[]}
","Barlett Score","Qualitative mikroskopische Beurteilung der Eignung von Sputumproben für die Kultur anhand des Verhältnisses von Entzündungs- zu Epithelzellen.","","","","","","","","","",,,,,"",,,,"mii-lm-mikrobio-untersuchungsarten.Kultur.BarlettScore",0,*,"","ele-1:All FHIR elements must have a @value or children {hasValue() or (children().count() > id.count())}
"
"mii-lm-mikrobio-untersuchungsarten.Kultur.BarlettScore.id","mii-lm-mikrobio-untersuchungsarten.Kultur.BarlettScore.id","","","",0,1,"","","","string {[]} {[]}
","Unique id for inter-element referencing","Unique id for the element within a resource (for internal references). This may be any string value that does not contain spaces.","","","","","","","","","",,,,,"",,,,"Element.id",0,1,"",""
"mii-lm-mikrobio-untersuchungsarten.Kultur.BarlettScore.extension","mii-lm-mikrobio-untersuchungsarten.Kultur.BarlettScore.extension","","extensions
user content","",0,*,"","","","Extension {[]} {[]}
","Additional content defined by implementations","May be used to represent additional information that is not part of the basic definition of the element. To make the use of extensions safe and manageable, there is a strict set of governance  applied to the definition and use of extensions. Though any implementer can define an extension, there is a set of requirements that SHALL be met as part of the definition of the extension.","There can be no stigma associated with the use of extensions by any application, project, or standard - regardless of the institution or jurisdiction that uses or defines the extensions.  The use of extensions is what allows the FHIR specification to retain a core level of simplicity for everyone.","","","","","","","","",,,,,"","value:url}
","Extensions are always sliced by (at least) url",,"open","Element.extension",0,*,"","ele-1:All FHIR elements must have a @value or children {hasValue() or (children().count() > id.count())}
ext-1:Must have either extensions or value[x], not both {extension.exists() != value.exists()}"
"mii-lm-mikrobio-untersuchungsarten.Kultur.BarlettScore.modifierExtension","mii-lm-mikrobio-untersuchungsarten.Kultur.BarlettScore.modifierExtension","","extensions
user contentmodifiers","",0,*,"","Y","Y","Extension {[]} {[]}
","Extensions that cannot be ignored even if unrecognized","May be used to represent additional information that is not part of the basic definition of the element and that modifies the understanding of the element in which it is contained and/or the understanding of the containing element's descendants. Usually modifier elements provide negation or qualification. To make the use of extensions safe and manageable, there is a strict set of governance applied to the definition and use of extensions. Though any implementer can define an extension, there is a set of requirements that SHALL be met as part of the definition of the extension. Applications processing a resource are required to check for modifier extensions.

Modifier extensions SHALL NOT change the meaning of any elements on Resource or DomainResource (including cannot change the meaning of modifierExtension itself).","There can be no stigma associated with the use of extensions by any application, project, or standard - regardless of the institution or jurisdiction that uses or defines the extensions.  The use of extensions is what allows the FHIR specification to retain a core level of simplicity for everyone.","Modifier extensions allow for extensions that *cannot* be safely ignored to be clearly distinguished from the vast majority of extensions which can be safely ignored.  This promotes interoperability by eliminating the need for implementers to prohibit the presence of extensions. For further information, see the [definition of modifier extensions](http://hl7.org/fhir/R4/extensibility.html#modifierExtension).","","","","","","","",,,,,"",,,,"BackboneElement.modifierExtension",0,*,"","ele-1:All FHIR elements must have a @value or children {hasValue() or (children().count() > id.count())}
ext-1:Must have either extensions or value[x], not both {extension.exists() != value.exists()}"
"mii-lm-mikrobio-untersuchungsarten.Kultur.BarlettScore.Untersuchungscode","mii-lm-mikrobio-untersuchungsarten.Kultur.BarlettScore.Untersuchungscode","","","",1,1,"","","","CodeableConcept {[]} {[]}
","Untersuchungscode","Kodierung der Untersuchung; hier fest: Barlett-Score (LOINC).","","","","","","","","","",,,,,"",,,,"mii-lm-mikrobio-untersuchungsarten.Kultur.BarlettScore.Untersuchungscode",1,1,"",""
"mii-lm-mikrobio-untersuchungsarten.Kultur.BarlettScore.Ergebnis","mii-lm-mikrobio-untersuchungsarten.Kultur.BarlettScore.Ergebnis","","","",0,1,"","","","CodeableConcept {[]} {[]}
","Ergebnis","Score-Kategorie und daraus abgeleitete Eignung der Probe (LOINC).","","","","","","","","","",,,,,"",,,,"mii-lm-mikrobio-untersuchungsarten.Kultur.BarlettScore.Ergebnis",0,1,"",""
"mii-lm-mikrobio-untersuchungsarten.Kultur.BarlettScore.Untersuchungsmethode","mii-lm-mikrobio-untersuchungsarten.Kultur.BarlettScore.Untersuchungsmethode","","","",0,1,"","","","CodeableConcept {[]} {[]}
","Untersuchungsmethode","Eingesetztes Verfahren; hier fest: Mikroskopie (SNOMED CT).","","","","","","","","","",,,,,"",,,,"mii-lm-mikrobio-untersuchungsarten.Kultur.BarlettScore.Untersuchungsmethode",0,1,"",""
"mii-lm-mikrobio-untersuchungsarten.Kultur.NugentScore","mii-lm-mikrobio-untersuchungsarten.Kultur.NugentScore","","","",0,*,"","","","BackboneElement {[]} {[]}
","Nugent Score","Gramfärbungs-basiertes semiquantitatives Punktesystem zur Beurteilung vaginaler Mikrobiotamuster bei bakterieller Vaginose.","","","","","","","","","",,,,,"",,,,"mii-lm-mikrobio-untersuchungsarten.Kultur.NugentScore",0,*,"","ele-1:All FHIR elements must have a @value or children {hasValue() or (children().count() > id.count())}
"
"mii-lm-mikrobio-untersuchungsarten.Kultur.NugentScore.id","mii-lm-mikrobio-untersuchungsarten.Kultur.NugentScore.id","","","",0,1,"","","","string {[]} {[]}
","Unique id for inter-element referencing","Unique id for the element within a resource (for internal references). This may be any string value that does not contain spaces.","","","","","","","","","",,,,,"",,,,"Element.id",0,1,"",""
"mii-lm-mikrobio-untersuchungsarten.Kultur.NugentScore.extension","mii-lm-mikrobio-untersuchungsarten.Kultur.NugentScore.extension","","extensions
user content","",0,*,"","","","Extension {[]} {[]}
","Additional content defined by implementations","May be used to represent additional information that is not part of the basic definition of the element. To make the use of extensions safe and manageable, there is a strict set of governance  applied to the definition and use of extensions. Though any implementer can define an extension, there is a set of requirements that SHALL be met as part of the definition of the extension.","There can be no stigma associated with the use of extensions by any application, project, or standard - regardless of the institution or jurisdiction that uses or defines the extensions.  The use of extensions is what allows the FHIR specification to retain a core level of simplicity for everyone.","","","","","","","","",,,,,"","value:url}
","Extensions are always sliced by (at least) url",,"open","Element.extension",0,*,"","ele-1:All FHIR elements must have a @value or children {hasValue() or (children().count() > id.count())}
ext-1:Must have either extensions or value[x], not both {extension.exists() != value.exists()}"
"mii-lm-mikrobio-untersuchungsarten.Kultur.NugentScore.modifierExtension","mii-lm-mikrobio-untersuchungsarten.Kultur.NugentScore.modifierExtension","","extensions
user contentmodifiers","",0,*,"","Y","Y","Extension {[]} {[]}
","Extensions that cannot be ignored even if unrecognized","May be used to represent additional information that is not part of the basic definition of the element and that modifies the understanding of the element in which it is contained and/or the understanding of the containing element's descendants. Usually modifier elements provide negation or qualification. To make the use of extensions safe and manageable, there is a strict set of governance applied to the definition and use of extensions. Though any implementer can define an extension, there is a set of requirements that SHALL be met as part of the definition of the extension. Applications processing a resource are required to check for modifier extensions.

Modifier extensions SHALL NOT change the meaning of any elements on Resource or DomainResource (including cannot change the meaning of modifierExtension itself).","There can be no stigma associated with the use of extensions by any application, project, or standard - regardless of the institution or jurisdiction that uses or defines the extensions.  The use of extensions is what allows the FHIR specification to retain a core level of simplicity for everyone.","Modifier extensions allow for extensions that *cannot* be safely ignored to be clearly distinguished from the vast majority of extensions which can be safely ignored.  This promotes interoperability by eliminating the need for implementers to prohibit the presence of extensions. For further information, see the [definition of modifier extensions](http://hl7.org/fhir/R4/extensibility.html#modifierExtension).","","","","","","","",,,,,"",,,,"BackboneElement.modifierExtension",0,*,"","ele-1:All FHIR elements must have a @value or children {hasValue() or (children().count() > id.count())}
ext-1:Must have either extensions or value[x], not both {extension.exists() != value.exists()}"
"mii-lm-mikrobio-untersuchungsarten.Kultur.NugentScore.Untersuchungscode","mii-lm-mikrobio-untersuchungsarten.Kultur.NugentScore.Untersuchungscode","","","",1,1,"","","","CodeableConcept {[]} {[]}
","Untersuchungscode","Kodierung der Untersuchung; hier fest: Nugent-Score (LOINC).","","","","","","","","","",,,,,"",,,,"mii-lm-mikrobio-untersuchungsarten.Kultur.NugentScore.Untersuchungscode",1,1,"",""
"mii-lm-mikrobio-untersuchungsarten.Kultur.NugentScore.Ergebnis","mii-lm-mikrobio-untersuchungsarten.Kultur.NugentScore.Ergebnis","","","",0,1,"","","","Quantity {[]} {[]}
","Ergebnis","Punktwert des Nugent-Scores (dimensionslos).","","","","","","","","","",,,,,"",,,,"mii-lm-mikrobio-untersuchungsarten.Kultur.NugentScore.Ergebnis",0,1,"",""
"mii-lm-mikrobio-untersuchungsarten.Kultur.NugentScore.Untersuchungsmethode","mii-lm-mikrobio-untersuchungsarten.Kultur.NugentScore.Untersuchungsmethode","","","",0,1,"","","","CodeableConcept {[]} {[]}
","Untersuchungsmethode","Eingesetztes Verfahren; hier fest: Mikroskopie (SNOMED CT).","","","","","","","","","",,,,,"",,,,"mii-lm-mikrobio-untersuchungsarten.Kultur.NugentScore.Untersuchungsmethode",0,1,"",""
"mii-lm-mikrobio-untersuchungsarten.Kultur.Keimzahl","mii-lm-mikrobio-untersuchungsarten.Kultur.Keimzahl","","","",0,*,"","","","BackboneElement {[]} {[]}
","Keimzahl","Quantitative Bestimmung lebensfähiger Mikroorganismen in einer Probe als koloniebildende Einheiten pro Volumen oder Masse.","","","","","","","","","",,,,,"",,,,"mii-lm-mikrobio-untersuchungsarten.Kultur.Keimzahl",0,*,"","ele-1:All FHIR elements must have a @value or children {hasValue() or (children().count() > id.count())}
"
"mii-lm-mikrobio-untersuchungsarten.Kultur.Keimzahl.id","mii-lm-mikrobio-untersuchungsarten.Kultur.Keimzahl.id","","","",0,1,"","","","string {[]} {[]}
","Unique id for inter-element referencing","Unique id for the element within a resource (for internal references). This may be any string value that does not contain spaces.","","","","","","","","","",,,,,"",,,,"Element.id",0,1,"",""
"mii-lm-mikrobio-untersuchungsarten.Kultur.Keimzahl.extension","mii-lm-mikrobio-untersuchungsarten.Kultur.Keimzahl.extension","","extensions
user content","",0,*,"","","","Extension {[]} {[]}
","Additional content defined by implementations","May be used to represent additional information that is not part of the basic definition of the element. To make the use of extensions safe and manageable, there is a strict set of governance  applied to the definition and use of extensions. Though any implementer can define an extension, there is a set of requirements that SHALL be met as part of the definition of the extension.","There can be no stigma associated with the use of extensions by any application, project, or standard - regardless of the institution or jurisdiction that uses or defines the extensions.  The use of extensions is what allows the FHIR specification to retain a core level of simplicity for everyone.","","","","","","","","",,,,,"","value:url}
","Extensions are always sliced by (at least) url",,"open","Element.extension",0,*,"","ele-1:All FHIR elements must have a @value or children {hasValue() or (children().count() > id.count())}
ext-1:Must have either extensions or value[x], not both {extension.exists() != value.exists()}"
"mii-lm-mikrobio-untersuchungsarten.Kultur.Keimzahl.modifierExtension","mii-lm-mikrobio-untersuchungsarten.Kultur.Keimzahl.modifierExtension","","extensions
user contentmodifiers","",0,*,"","Y","Y","Extension {[]} {[]}
","Extensions that cannot be ignored even if unrecognized","May be used to represent additional information that is not part of the basic definition of the element and that modifies the understanding of the element in which it is contained and/or the understanding of the containing element's descendants. Usually modifier elements provide negation or qualification. To make the use of extensions safe and manageable, there is a strict set of governance applied to the definition and use of extensions. Though any implementer can define an extension, there is a set of requirements that SHALL be met as part of the definition of the extension. Applications processing a resource are required to check for modifier extensions.

Modifier extensions SHALL NOT change the meaning of any elements on Resource or DomainResource (including cannot change the meaning of modifierExtension itself).","There can be no stigma associated with the use of extensions by any application, project, or standard - regardless of the institution or jurisdiction that uses or defines the extensions.  The use of extensions is what allows the FHIR specification to retain a core level of simplicity for everyone.","Modifier extensions allow for extensions that *cannot* be safely ignored to be clearly distinguished from the vast majority of extensions which can be safely ignored.  This promotes interoperability by eliminating the need for implementers to prohibit the presence of extensions. For further information, see the [definition of modifier extensions](http://hl7.org/fhir/R4/extensibility.html#modifierExtension).","","","","","","","",,,,,"",,,,"BackboneElement.modifierExtension",0,*,"","ele-1:All FHIR elements must have a @value or children {hasValue() or (children().count() > id.count())}
ext-1:Must have either extensions or value[x], not both {extension.exists() != value.exists()}"
"mii-lm-mikrobio-untersuchungsarten.Kultur.Keimzahl.Untersuchungscode","mii-lm-mikrobio-untersuchungsarten.Kultur.Keimzahl.Untersuchungscode","","","",1,1,"","","","CodeableConcept {[]} {[]}
","Untersuchungscode","Kodierung der Keimzahlbestimmung (LOINC).","","","","","","","","","",,,,,"",,,,"mii-lm-mikrobio-untersuchungsarten.Kultur.Keimzahl.Untersuchungscode",1,1,"",""
"mii-lm-mikrobio-untersuchungsarten.Kultur.Keimzahl.Ergebnis","mii-lm-mikrobio-untersuchungsarten.Kultur.Keimzahl.Ergebnis","","","",0,1,"","","","Quantity {[]} {[]}
","Ergebnis","Gemessene Keimzahl mit Einheit, z. B. KBE/mL (UCUM).","","","","","","","","","",,,,,"",,,,"mii-lm-mikrobio-untersuchungsarten.Kultur.Keimzahl.Ergebnis",0,1,"",""
"mii-lm-mikrobio-untersuchungsarten.Kultur.Keimzahl.Bewertung","mii-lm-mikrobio-untersuchungsarten.Kultur.Keimzahl.Bewertung","","","",0,1,"","","","CodeableConcept {[]} {[]}
","Bewertung","Semiquantitative Einordnung des Messwerts, z. B. geringes / mäßiges / reichliches Wachstum.","","","","","","","","","",,,,,"",,,,"mii-lm-mikrobio-untersuchungsarten.Kultur.Keimzahl.Bewertung",0,1,"",""
"mii-lm-mikrobio-untersuchungsarten.Kultur.Keimzahl.Untersuchungsmethode","mii-lm-mikrobio-untersuchungsarten.Kultur.Keimzahl.Untersuchungsmethode","","","",0,1,"","","","CodeableConcept {[]} {[]}
","Untersuchungsmethode","Eingesetztes Verfahren; hier fest: Auszählung (SNOMED CT).","","","","","","","","","",,,,,"",,,,"mii-lm-mikrobio-untersuchungsarten.Kultur.Keimzahl.Untersuchungsmethode",0,1,"",""
"mii-lm-mikrobio-untersuchungsarten.Kultur.Empfindlichkeit","mii-lm-mikrobio-untersuchungsarten.Kultur.Empfindlichkeit","","","",0,*,"","","","BackboneElement {[]} {[]}
","Empfindlichkeit","Ergebnis der phänotypischen Resistenztestung eines Erregers gegenüber einer antimikrobiellen Substanz unter Bezug auf ein Normsystem.","","","","","","","","","",,,,,"",,,,"mii-lm-mikrobio-untersuchungsarten.Kultur.Empfindlichkeit",0,*,"","ele-1:All FHIR elements must have a @value or children {hasValue() or (children().count() > id.count())}
"
"mii-lm-mikrobio-untersuchungsarten.Kultur.Empfindlichkeit.id","mii-lm-mikrobio-untersuchungsarten.Kultur.Empfindlichkeit.id","","","",0,1,"","","","string {[]} {[]}
","Unique id for inter-element referencing","Unique id for the element within a resource (for internal references). This may be any string value that does not contain spaces.","","","","","","","","","",,,,,"",,,,"Element.id",0,1,"",""
"mii-lm-mikrobio-untersuchungsarten.Kultur.Empfindlichkeit.extension","mii-lm-mikrobio-untersuchungsarten.Kultur.Empfindlichkeit.extension","","extensions
user content","",0,*,"","","","Extension {[]} {[]}
","Additional content defined by implementations","May be used to represent additional information that is not part of the basic definition of the element. To make the use of extensions safe and manageable, there is a strict set of governance  applied to the definition and use of extensions. Though any implementer can define an extension, there is a set of requirements that SHALL be met as part of the definition of the extension.","There can be no stigma associated with the use of extensions by any application, project, or standard - regardless of the institution or jurisdiction that uses or defines the extensions.  The use of extensions is what allows the FHIR specification to retain a core level of simplicity for everyone.","","","","","","","","",,,,,"","value:url}
","Extensions are always sliced by (at least) url",,"open","Element.extension",0,*,"","ele-1:All FHIR elements must have a @value or children {hasValue() or (children().count() > id.count())}
ext-1:Must have either extensions or value[x], not both {extension.exists() != value.exists()}"
"mii-lm-mikrobio-untersuchungsarten.Kultur.Empfindlichkeit.modifierExtension","mii-lm-mikrobio-untersuchungsarten.Kultur.Empfindlichkeit.modifierExtension","","extensions
user contentmodifiers","",0,*,"","Y","Y","Extension {[]} {[]}
","Extensions that cannot be ignored even if unrecognized","May be used to represent additional information that is not part of the basic definition of the element and that modifies the understanding of the element in which it is contained and/or the understanding of the containing element's descendants. Usually modifier elements provide negation or qualification. To make the use of extensions safe and manageable, there is a strict set of governance applied to the definition and use of extensions. Though any implementer can define an extension, there is a set of requirements that SHALL be met as part of the definition of the extension. Applications processing a resource are required to check for modifier extensions.

Modifier extensions SHALL NOT change the meaning of any elements on Resource or DomainResource (including cannot change the meaning of modifierExtension itself).","There can be no stigma associated with the use of extensions by any application, project, or standard - regardless of the institution or jurisdiction that uses or defines the extensions.  The use of extensions is what allows the FHIR specification to retain a core level of simplicity for everyone.","Modifier extensions allow for extensions that *cannot* be safely ignored to be clearly distinguished from the vast majority of extensions which can be safely ignored.  This promotes interoperability by eliminating the need for implementers to prohibit the presence of extensions. For further information, see the [definition of modifier extensions](http://hl7.org/fhir/R4/extensibility.html#modifierExtension).","","","","","","","",,,,,"",,,,"BackboneElement.modifierExtension",0,*,"","ele-1:All FHIR elements must have a @value or children {hasValue() or (children().count() > id.count())}
ext-1:Must have either extensions or value[x], not both {extension.exists() != value.exists()}"
"mii-lm-mikrobio-untersuchungsarten.Kultur.Empfindlichkeit.Untersuchungscode","mii-lm-mikrobio-untersuchungsarten.Kultur.Empfindlichkeit.Untersuchungscode","","","",1,1,"","","","CodeableConcept {[]} {[]}
","Untersuchungscode","Getestete antimikrobielle Substanz und Testverfahren (LOINC). Es werden bevorzugt Codes ohne präkoordinierte Probenart verwendet.","","","","","","","","","",,,,,"",,,,"mii-lm-mikrobio-untersuchungsarten.Kultur.Empfindlichkeit.Untersuchungscode",1,1,"",""
"mii-lm-mikrobio-untersuchungsarten.Kultur.Empfindlichkeit.Ergebnis","mii-lm-mikrobio-untersuchungsarten.Kultur.Empfindlichkeit.Ergebnis","","","",0,1,"","","","Quantity {[]} {[]}
","Ergebnis","Gemessener Wert der Empfindlichkeitstestung, z. B. minimale Hemmkonzentration in mg/L oder Hemmhofdurchmesser in mm (UCUM).","","","","","","","","","",,,,,"",,,,"mii-lm-mikrobio-untersuchungsarten.Kultur.Empfindlichkeit.Ergebnis",0,1,"",""
"mii-lm-mikrobio-untersuchungsarten.Kultur.Empfindlichkeit.Bewertung","mii-lm-mikrobio-untersuchungsarten.Kultur.Empfindlichkeit.Bewertung","","","",0,1,"","","","BackboneElement {[]} {[]}
","Bewertung","Kategoriale Bewertung des Messwerts (sensibel / intermediär / resistent).","","","","","","","","","",,,,,"",,,,"mii-lm-mikrobio-untersuchungsarten.Kultur.Empfindlichkeit.Bewertung",0,1,"","ele-1:All FHIR elements must have a @value or children {hasValue() or (children().count() > id.count())}
"
"mii-lm-mikrobio-untersuchungsarten.Kultur.Empfindlichkeit.Bewertung.id","mii-lm-mikrobio-untersuchungsarten.Kultur.Empfindlichkeit.Bewertung.id","","","",0,1,"","","","string {[]} {[]}
","Unique id for inter-element referencing","Unique id for the element within a resource (for internal references). This may be any string value that does not contain spaces.","","","","","","","","","",,,,,"",,,,"Element.id",0,1,"",""
"mii-lm-mikrobio-untersuchungsarten.Kultur.Empfindlichkeit.Bewertung.extension","mii-lm-mikrobio-untersuchungsarten.Kultur.Empfindlichkeit.Bewertung.extension","","extensions
user content","",0,*,"","","","Extension {[]} {[]}
","Additional content defined by implementations","May be used to represent additional information that is not part of the basic definition of the element. To make the use of extensions safe and manageable, there is a strict set of governance  applied to the definition and use of extensions. Though any implementer can define an extension, there is a set of requirements that SHALL be met as part of the definition of the extension.","There can be no stigma associated with the use of extensions by any application, project, or standard - regardless of the institution or jurisdiction that uses or defines the extensions.  The use of extensions is what allows the FHIR specification to retain a core level of simplicity for everyone.","","","","","","","","",,,,,"","value:url}
","Extensions are always sliced by (at least) url",,"open","Element.extension",0,*,"","ele-1:All FHIR elements must have a @value or children {hasValue() or (children().count() > id.count())}
ext-1:Must have either extensions or value[x], not both {extension.exists() != value.exists()}"
"mii-lm-mikrobio-untersuchungsarten.Kultur.Empfindlichkeit.Bewertung.modifierExtension","mii-lm-mikrobio-untersuchungsarten.Kultur.Empfindlichkeit.Bewertung.modifierExtension","","extensions
user contentmodifiers","",0,*,"","Y","Y","Extension {[]} {[]}
","Extensions that cannot be ignored even if unrecognized","May be used to represent additional information that is not part of the basic definition of the element and that modifies the understanding of the element in which it is contained and/or the understanding of the containing element's descendants. Usually modifier elements provide negation or qualification. To make the use of extensions safe and manageable, there is a strict set of governance applied to the definition and use of extensions. Though any implementer can define an extension, there is a set of requirements that SHALL be met as part of the definition of the extension. Applications processing a resource are required to check for modifier extensions.

Modifier extensions SHALL NOT change the meaning of any elements on Resource or DomainResource (including cannot change the meaning of modifierExtension itself).","There can be no stigma associated with the use of extensions by any application, project, or standard - regardless of the institution or jurisdiction that uses or defines the extensions.  The use of extensions is what allows the FHIR specification to retain a core level of simplicity for everyone.","Modifier extensions allow for extensions that *cannot* be safely ignored to be clearly distinguished from the vast majority of extensions which can be safely ignored.  This promotes interoperability by eliminating the need for implementers to prohibit the presence of extensions. For further information, see the [definition of modifier extensions](http://hl7.org/fhir/R4/extensibility.html#modifierExtension).","","","","","","","",,,,,"",,,,"BackboneElement.modifierExtension",0,*,"","ele-1:All FHIR elements must have a @value or children {hasValue() or (children().count() > id.count())}
ext-1:Must have either extensions or value[x], not both {extension.exists() != value.exists()}"
"mii-lm-mikrobio-untersuchungsarten.Kultur.Empfindlichkeit.Bewertung.Kategorie","mii-lm-mikrobio-untersuchungsarten.Kultur.Empfindlichkeit.Bewertung.Kategorie","","","",1,1,"","","","CodeableConcept {[]} {[]}
","Kategorie","Empfindlichkeitskategorie des getesteten Erregers.","","","","","","","","","",,,,,"",,,,"mii-lm-mikrobio-untersuchungsarten.Kultur.Empfindlichkeit.Bewertung.Kategorie",1,1,"",""
"mii-lm-mikrobio-untersuchungsarten.Kultur.Empfindlichkeit.Bewertung.Norm","mii-lm-mikrobio-untersuchungsarten.Kultur.Empfindlichkeit.Bewertung.Norm","","","",1,1,"","","","CodeableConcept {[]} {[]}
","Norm","Normsystem einschließlich Version, auf dessen Grenzwerten die Kategorie beruht, z. B. EUCAST oder CLSI.","","","","","","","","","",,,,,"",,,,"mii-lm-mikrobio-untersuchungsarten.Kultur.Empfindlichkeit.Bewertung.Norm",1,1,"",""
"mii-lm-mikrobio-untersuchungsarten.Bestimmung","mii-lm-mikrobio-untersuchungsarten.Bestimmung","","","",0,*,"","","","BackboneElement {[]} {[]}
","Bestimmung","Identifikation bzw. Nachweis eines Mikroorganismus oder infektiösen Agens in einer Probe.","","","","","","","","","",,,,,"",,,,"mii-lm-mikrobio-untersuchungsarten.Bestimmung",0,*,"","ele-1:All FHIR elements must have a @value or children {hasValue() or (children().count() > id.count())}
"
"mii-lm-mikrobio-untersuchungsarten.Bestimmung.id","mii-lm-mikrobio-untersuchungsarten.Bestimmung.id","","","",0,1,"","","","string {[]} {[]}
","Unique id for inter-element referencing","Unique id for the element within a resource (for internal references). This may be any string value that does not contain spaces.","","","","","","","","","",,,,,"",,,,"Element.id",0,1,"",""
"mii-lm-mikrobio-untersuchungsarten.Bestimmung.extension","mii-lm-mikrobio-untersuchungsarten.Bestimmung.extension","","extensions
user content","",0,*,"","","","Extension {[]} {[]}
","Additional content defined by implementations","May be used to represent additional information that is not part of the basic definition of the element. To make the use of extensions safe and manageable, there is a strict set of governance  applied to the definition and use of extensions. Though any implementer can define an extension, there is a set of requirements that SHALL be met as part of the definition of the extension.","There can be no stigma associated with the use of extensions by any application, project, or standard - regardless of the institution or jurisdiction that uses or defines the extensions.  The use of extensions is what allows the FHIR specification to retain a core level of simplicity for everyone.","","","","","","","","",,,,,"","value:url}
","Extensions are always sliced by (at least) url",,"open","Element.extension",0,*,"","ele-1:All FHIR elements must have a @value or children {hasValue() or (children().count() > id.count())}
ext-1:Must have either extensions or value[x], not both {extension.exists() != value.exists()}"
"mii-lm-mikrobio-untersuchungsarten.Bestimmung.modifierExtension","mii-lm-mikrobio-untersuchungsarten.Bestimmung.modifierExtension","","extensions
user contentmodifiers","",0,*,"","Y","Y","Extension {[]} {[]}
","Extensions that cannot be ignored even if unrecognized","May be used to represent additional information that is not part of the basic definition of the element and that modifies the understanding of the element in which it is contained and/or the understanding of the containing element's descendants. Usually modifier elements provide negation or qualification. To make the use of extensions safe and manageable, there is a strict set of governance applied to the definition and use of extensions. Though any implementer can define an extension, there is a set of requirements that SHALL be met as part of the definition of the extension. Applications processing a resource are required to check for modifier extensions.

Modifier extensions SHALL NOT change the meaning of any elements on Resource or DomainResource (including cannot change the meaning of modifierExtension itself).","There can be no stigma associated with the use of extensions by any application, project, or standard - regardless of the institution or jurisdiction that uses or defines the extensions.  The use of extensions is what allows the FHIR specification to retain a core level of simplicity for everyone.","Modifier extensions allow for extensions that *cannot* be safely ignored to be clearly distinguished from the vast majority of extensions which can be safely ignored.  This promotes interoperability by eliminating the need for implementers to prohibit the presence of extensions. For further information, see the [definition of modifier extensions](http://hl7.org/fhir/R4/extensibility.html#modifierExtension).","","","","","","","",,,,,"",,,,"BackboneElement.modifierExtension",0,*,"","ele-1:All FHIR elements must have a @value or children {hasValue() or (children().count() > id.count())}
ext-1:Must have either extensions or value[x], not both {extension.exists() != value.exists()}"
"mii-lm-mikrobio-untersuchungsarten.Bestimmung.AllgemeineBestimmung","mii-lm-mikrobio-untersuchungsarten.Bestimmung.AllgemeineBestimmung","","","",0,*,"","","","BackboneElement {[]} {[]}
","Allgemeine Bestimmung","Identifikation eines Mikroorganismus oder infektiösen Agens ohne Einschränkung auf ein vordefiniertes Ziel.","","","","","","","","","",,,,,"",,,,"mii-lm-mikrobio-untersuchungsarten.Bestimmung.AllgemeineBestimmung",0,*,"","ele-1:All FHIR elements must have a @value or children {hasValue() or (children().count() > id.count())}
"
"mii-lm-mikrobio-untersuchungsarten.Bestimmung.AllgemeineBestimmung.id","mii-lm-mikrobio-untersuchungsarten.Bestimmung.AllgemeineBestimmung.id","","","",0,1,"","","","string {[]} {[]}
","Unique id for inter-element referencing","Unique id for the element within a resource (for internal references). This may be any string value that does not contain spaces.","","","","","","","","","",,,,,"",,,,"Element.id",0,1,"",""
"mii-lm-mikrobio-untersuchungsarten.Bestimmung.AllgemeineBestimmung.extension","mii-lm-mikrobio-untersuchungsarten.Bestimmung.AllgemeineBestimmung.extension","","extensions
user content","",0,*,"","","","Extension {[]} {[]}
","Additional content defined by implementations","May be used to represent additional information that is not part of the basic definition of the element. To make the use of extensions safe and manageable, there is a strict set of governance  applied to the definition and use of extensions. Though any implementer can define an extension, there is a set of requirements that SHALL be met as part of the definition of the extension.","There can be no stigma associated with the use of extensions by any application, project, or standard - regardless of the institution or jurisdiction that uses or defines the extensions.  The use of extensions is what allows the FHIR specification to retain a core level of simplicity for everyone.","","","","","","","","",,,,,"","value:url}
","Extensions are always sliced by (at least) url",,"open","Element.extension",0,*,"","ele-1:All FHIR elements must have a @value or children {hasValue() or (children().count() > id.count())}
ext-1:Must have either extensions or value[x], not both {extension.exists() != value.exists()}"
"mii-lm-mikrobio-untersuchungsarten.Bestimmung.AllgemeineBestimmung.modifierExtension","mii-lm-mikrobio-untersuchungsarten.Bestimmung.AllgemeineBestimmung.modifierExtension","","extensions
user contentmodifiers","",0,*,"","Y","Y","Extension {[]} {[]}
","Extensions that cannot be ignored even if unrecognized","May be used to represent additional information that is not part of the basic definition of the element and that modifies the understanding of the element in which it is contained and/or the understanding of the containing element's descendants. Usually modifier elements provide negation or qualification. To make the use of extensions safe and manageable, there is a strict set of governance applied to the definition and use of extensions. Though any implementer can define an extension, there is a set of requirements that SHALL be met as part of the definition of the extension. Applications processing a resource are required to check for modifier extensions.

Modifier extensions SHALL NOT change the meaning of any elements on Resource or DomainResource (including cannot change the meaning of modifierExtension itself).","There can be no stigma associated with the use of extensions by any application, project, or standard - regardless of the institution or jurisdiction that uses or defines the extensions.  The use of extensions is what allows the FHIR specification to retain a core level of simplicity for everyone.","Modifier extensions allow for extensions that *cannot* be safely ignored to be clearly distinguished from the vast majority of extensions which can be safely ignored.  This promotes interoperability by eliminating the need for implementers to prohibit the presence of extensions. For further information, see the [definition of modifier extensions](http://hl7.org/fhir/R4/extensibility.html#modifierExtension).","","","","","","","",,,,,"",,,,"BackboneElement.modifierExtension",0,*,"","ele-1:All FHIR elements must have a @value or children {hasValue() or (children().count() > id.count())}
ext-1:Must have either extensions or value[x], not both {extension.exists() != value.exists()}"
"mii-lm-mikrobio-untersuchungsarten.Bestimmung.AllgemeineBestimmung.Untersuchungscode","mii-lm-mikrobio-untersuchungsarten.Bestimmung.AllgemeineBestimmung.Untersuchungscode","","","",1,1,"","","","CodeableConcept {[]} {[]}
","Untersuchungscode","Kodierung der Untersuchung; hier fest: Nachweis eines Mikroorganismus oder Agens in der Probe (LOINC).","","","","","","","","","",,,,,"",,,,"mii-lm-mikrobio-untersuchungsarten.Bestimmung.AllgemeineBestimmung.Untersuchungscode",1,1,"",""
"mii-lm-mikrobio-untersuchungsarten.Bestimmung.AllgemeineBestimmung.Ergebnis","mii-lm-mikrobio-untersuchungsarten.Bestimmung.AllgemeineBestimmung.Ergebnis","","","",0,1,"","","","CodeableConcept {[]} {[]}
","Ergebnis","Identifizierter Mikroorganismus bzw. identifiziertes Agens (SNOMED CT).","","","","","","","","","",,,,,"",,,,"mii-lm-mikrobio-untersuchungsarten.Bestimmung.AllgemeineBestimmung.Ergebnis",0,1,"",""
"mii-lm-mikrobio-untersuchungsarten.Bestimmung.AllgemeineBestimmung.Untersuchungsmethode","mii-lm-mikrobio-untersuchungsarten.Bestimmung.AllgemeineBestimmung.Untersuchungsmethode","","","",0,1,"","","","CodeableConcept {[]} {[]}
","Untersuchungsmethode","Eingesetztes Nachweis- bzw. Identifikationsverfahren (SNOMED CT).","","","","","","","","","",,,,,"",,,,"mii-lm-mikrobio-untersuchungsarten.Bestimmung.AllgemeineBestimmung.Untersuchungsmethode",0,1,"",""
"mii-lm-mikrobio-untersuchungsarten.Bestimmung.SpezifischeBestimmung","mii-lm-mikrobio-untersuchungsarten.Bestimmung.SpezifischeBestimmung","","","",0,*,"","","","BackboneElement {[]} {[]}
","Spezifische Bestimmung","Qualitativer Nachweis eines vordefinierten mikrobiellen Ziels, kulturbasiert oder mittels molekularer, immunologischer oder biochemischer Verfahren.","","","","","","","","","",,,,,"",,,,"mii-lm-mikrobio-untersuchungsarten.Bestimmung.SpezifischeBestimmung",0,*,"","ele-1:All FHIR elements must have a @value or children {hasValue() or (children().count() > id.count())}
"
"mii-lm-mikrobio-untersuchungsarten.Bestimmung.SpezifischeBestimmung.id","mii-lm-mikrobio-untersuchungsarten.Bestimmung.SpezifischeBestimmung.id","","","",0,1,"","","","string {[]} {[]}
","Unique id for inter-element referencing","Unique id for the element within a resource (for internal references). This may be any string value that does not contain spaces.","","","","","","","","","",,,,,"",,,,"Element.id",0,1,"",""
"mii-lm-mikrobio-untersuchungsarten.Bestimmung.SpezifischeBestimmung.extension","mii-lm-mikrobio-untersuchungsarten.Bestimmung.SpezifischeBestimmung.extension","","extensions
user content","",0,*,"","","","Extension {[]} {[]}
","Additional content defined by implementations","May be used to represent additional information that is not part of the basic definition of the element. To make the use of extensions safe and manageable, there is a strict set of governance  applied to the definition and use of extensions. Though any implementer can define an extension, there is a set of requirements that SHALL be met as part of the definition of the extension.","There can be no stigma associated with the use of extensions by any application, project, or standard - regardless of the institution or jurisdiction that uses or defines the extensions.  The use of extensions is what allows the FHIR specification to retain a core level of simplicity for everyone.","","","","","","","","",,,,,"","value:url}
","Extensions are always sliced by (at least) url",,"open","Element.extension",0,*,"","ele-1:All FHIR elements must have a @value or children {hasValue() or (children().count() > id.count())}
ext-1:Must have either extensions or value[x], not both {extension.exists() != value.exists()}"
"mii-lm-mikrobio-untersuchungsarten.Bestimmung.SpezifischeBestimmung.modifierExtension","mii-lm-mikrobio-untersuchungsarten.Bestimmung.SpezifischeBestimmung.modifierExtension","","extensions
user contentmodifiers","",0,*,"","Y","Y","Extension {[]} {[]}
","Extensions that cannot be ignored even if unrecognized","May be used to represent additional information that is not part of the basic definition of the element and that modifies the understanding of the element in which it is contained and/or the understanding of the containing element's descendants. Usually modifier elements provide negation or qualification. To make the use of extensions safe and manageable, there is a strict set of governance applied to the definition and use of extensions. Though any implementer can define an extension, there is a set of requirements that SHALL be met as part of the definition of the extension. Applications processing a resource are required to check for modifier extensions.

Modifier extensions SHALL NOT change the meaning of any elements on Resource or DomainResource (including cannot change the meaning of modifierExtension itself).","There can be no stigma associated with the use of extensions by any application, project, or standard - regardless of the institution or jurisdiction that uses or defines the extensions.  The use of extensions is what allows the FHIR specification to retain a core level of simplicity for everyone.","Modifier extensions allow for extensions that *cannot* be safely ignored to be clearly distinguished from the vast majority of extensions which can be safely ignored.  This promotes interoperability by eliminating the need for implementers to prohibit the presence of extensions. For further information, see the [definition of modifier extensions](http://hl7.org/fhir/R4/extensibility.html#modifierExtension).","","","","","","","",,,,,"",,,,"BackboneElement.modifierExtension",0,*,"","ele-1:All FHIR elements must have a @value or children {hasValue() or (children().count() > id.count())}
ext-1:Must have either extensions or value[x], not both {extension.exists() != value.exists()}"
"mii-lm-mikrobio-untersuchungsarten.Bestimmung.SpezifischeBestimmung.Untersuchungscode","mii-lm-mikrobio-untersuchungsarten.Bestimmung.SpezifischeBestimmung.Untersuchungscode","","","",1,1,"","","","CodeableConcept {[]} {[]}
","Untersuchungscode","Kodierung des gesuchten Ziels und des Testverfahrens (LOINC). Es werden bevorzugt Codes ohne präkoordinierte Probenart verwendet.","","","","","","","","","",,,,,"",,,,"mii-lm-mikrobio-untersuchungsarten.Bestimmung.SpezifischeBestimmung.Untersuchungscode",1,1,"",""
"mii-lm-mikrobio-untersuchungsarten.Bestimmung.SpezifischeBestimmung.Ergebnis","mii-lm-mikrobio-untersuchungsarten.Bestimmung.SpezifischeBestimmung.Ergebnis","","","",0,1,"","","","CodeableConcept {[]} {[]}
","Ergebnis","Nachweisergebnis für das gesuchte Ziel (SNOMED CT).","","","","","","","","","",,,,,"",,,,"mii-lm-mikrobio-untersuchungsarten.Bestimmung.SpezifischeBestimmung.Ergebnis",0,1,"",""
"mii-lm-mikrobio-untersuchungsarten.Bestimmung.SpezifischeBestimmung.Untersuchungsmethode","mii-lm-mikrobio-untersuchungsarten.Bestimmung.SpezifischeBestimmung.Untersuchungsmethode","","","",0,1,"","","","CodeableConcept {[]} {[]}
","Untersuchungsmethode","Eingesetztes Nachweisverfahren (SNOMED CT).","","","","","","","","","",,,,,"",,,,"mii-lm-mikrobio-untersuchungsarten.Bestimmung.SpezifischeBestimmung.Untersuchungsmethode",0,1,"",""
"mii-lm-mikrobio-untersuchungsarten.Bestimmung.CtWert","mii-lm-mikrobio-untersuchungsarten.Bestimmung.CtWert","","","",0,*,"","","","BackboneElement {[]} {[]}
","Ct-Wert","Zyklusschwellenwert bei Nukleinsäurenachweisen, z. B. Echtzeit-PCR.","","","","","","","","","",,,,,"",,,,"mii-lm-mikrobio-untersuchungsarten.Bestimmung.CtWert",0,*,"","ele-1:All FHIR elements must have a @value or children {hasValue() or (children().count() > id.count())}
"
"mii-lm-mikrobio-untersuchungsarten.Bestimmung.CtWert.id","mii-lm-mikrobio-untersuchungsarten.Bestimmung.CtWert.id","","","",0,1,"","","","string {[]} {[]}
","Unique id for inter-element referencing","Unique id for the element within a resource (for internal references). This may be any string value that does not contain spaces.","","","","","","","","","",,,,,"",,,,"Element.id",0,1,"",""
"mii-lm-mikrobio-untersuchungsarten.Bestimmung.CtWert.extension","mii-lm-mikrobio-untersuchungsarten.Bestimmung.CtWert.extension","","extensions
user content","",0,*,"","","","Extension {[]} {[]}
","Additional content defined by implementations","May be used to represent additional information that is not part of the basic definition of the element. To make the use of extensions safe and manageable, there is a strict set of governance  applied to the definition and use of extensions. Though any implementer can define an extension, there is a set of requirements that SHALL be met as part of the definition of the extension.","There can be no stigma associated with the use of extensions by any application, project, or standard - regardless of the institution or jurisdiction that uses or defines the extensions.  The use of extensions is what allows the FHIR specification to retain a core level of simplicity for everyone.","","","","","","","","",,,,,"","value:url}
","Extensions are always sliced by (at least) url",,"open","Element.extension",0,*,"","ele-1:All FHIR elements must have a @value or children {hasValue() or (children().count() > id.count())}
ext-1:Must have either extensions or value[x], not both {extension.exists() != value.exists()}"
"mii-lm-mikrobio-untersuchungsarten.Bestimmung.CtWert.modifierExtension","mii-lm-mikrobio-untersuchungsarten.Bestimmung.CtWert.modifierExtension","","extensions
user contentmodifiers","",0,*,"","Y","Y","Extension {[]} {[]}
","Extensions that cannot be ignored even if unrecognized","May be used to represent additional information that is not part of the basic definition of the element and that modifies the understanding of the element in which it is contained and/or the understanding of the containing element's descendants. Usually modifier elements provide negation or qualification. To make the use of extensions safe and manageable, there is a strict set of governance applied to the definition and use of extensions. Though any implementer can define an extension, there is a set of requirements that SHALL be met as part of the definition of the extension. Applications processing a resource are required to check for modifier extensions.

Modifier extensions SHALL NOT change the meaning of any elements on Resource or DomainResource (including cannot change the meaning of modifierExtension itself).","There can be no stigma associated with the use of extensions by any application, project, or standard - regardless of the institution or jurisdiction that uses or defines the extensions.  The use of extensions is what allows the FHIR specification to retain a core level of simplicity for everyone.","Modifier extensions allow for extensions that *cannot* be safely ignored to be clearly distinguished from the vast majority of extensions which can be safely ignored.  This promotes interoperability by eliminating the need for implementers to prohibit the presence of extensions. For further information, see the [definition of modifier extensions](http://hl7.org/fhir/R4/extensibility.html#modifierExtension).","","","","","","","",,,,,"",,,,"BackboneElement.modifierExtension",0,*,"","ele-1:All FHIR elements must have a @value or children {hasValue() or (children().count() > id.count())}
ext-1:Must have either extensions or value[x], not both {extension.exists() != value.exists()}"
"mii-lm-mikrobio-untersuchungsarten.Bestimmung.CtWert.Untersuchungscode","mii-lm-mikrobio-untersuchungsarten.Bestimmung.CtWert.Untersuchungscode","","","",1,1,"","","","CodeableConcept {[]} {[]}
","Untersuchungscode","Kodierung des Ct-Werts für das jeweilige Ziel (LOINC). Es werden bevorzugt Codes ohne präkoordinierte Probenart verwendet.","","","","","","","","","",,,,,"",,,,"mii-lm-mikrobio-untersuchungsarten.Bestimmung.CtWert.Untersuchungscode",1,1,"",""
"mii-lm-mikrobio-untersuchungsarten.Bestimmung.CtWert.Ergebnis","mii-lm-mikrobio-untersuchungsarten.Bestimmung.CtWert.Ergebnis","","","",0,1,"","","","Quantity {[]} {[]}
","Ergebnis","Zyklusschwellenwert (dimensionslos).","","","","","","","","","",,,,,"",,,,"mii-lm-mikrobio-untersuchungsarten.Bestimmung.CtWert.Ergebnis",0,1,"",""
"mii-lm-mikrobio-untersuchungsarten.Bestimmung.CtWert.Untersuchungsmethode","mii-lm-mikrobio-untersuchungsarten.Bestimmung.CtWert.Untersuchungsmethode","","","",0,1,"","","","CodeableConcept {[]} {[]}
","Untersuchungsmethode","Eingesetztes Verfahren; hier fest: Echtzeit-PCR (SNOMED CT).","","","","","","","","","",,,,,"",,,,"mii-lm-mikrobio-untersuchungsarten.Bestimmung.CtWert.Untersuchungsmethode",0,1,"",""
"mii-lm-mikrobio-untersuchungsarten.Bestimmung.CtWert.AbgeleitetAus","mii-lm-mikrobio-untersuchungsarten.Bestimmung.CtWert.AbgeleitetAus","","","",0,*,"","","","Reference {[]} {[CanonicalType[https://www.medizininformatik-initiative.de/fhir/modul-mikrobio/StructureDefinition/mii-lm-mikrobio-untersuchung]]}
","Abgeleitet aus","Untersuchung, aus der der Ct-Wert hervorgegangen ist, in der Regel die zugehörige spezifische Bestimmung.","","","","","","","","","",,,,,"",,,,"mii-lm-mikrobio-untersuchungsarten.Bestimmung.CtWert.AbgeleitetAus",0,*,"",""
"mii-lm-mikrobio-untersuchungsarten.WeitereEigenschaften","mii-lm-mikrobio-untersuchungsarten.WeitereEigenschaften","","","",0,*,"","","","BackboneElement {[]} {[]}
","Weitere Eigenschaften","Ergänzende Eigenschaften eines nachgewiesenen Erregers, insbesondere zu Virulenz und Resistenz.","","","","","","","","","",,,,,"",,,,"mii-lm-mikrobio-untersuchungsarten.WeitereEigenschaften",0,*,"","ele-1:All FHIR elements must have a @value or children {hasValue() or (children().count() > id.count())}
"
"mii-lm-mikrobio-untersuchungsarten.WeitereEigenschaften.id","mii-lm-mikrobio-untersuchungsarten.WeitereEigenschaften.id","","","",0,1,"","","","string {[]} {[]}
","Unique id for inter-element referencing","Unique id for the element within a resource (for internal references). This may be any string value that does not contain spaces.","","","","","","","","","",,,,,"",,,,"Element.id",0,1,"",""
"mii-lm-mikrobio-untersuchungsarten.WeitereEigenschaften.extension","mii-lm-mikrobio-untersuchungsarten.WeitereEigenschaften.extension","","extensions
user content","",0,*,"","","","Extension {[]} {[]}
","Additional content defined by implementations","May be used to represent additional information that is not part of the basic definition of the element. To make the use of extensions safe and manageable, there is a strict set of governance  applied to the definition and use of extensions. Though any implementer can define an extension, there is a set of requirements that SHALL be met as part of the definition of the extension.","There can be no stigma associated with the use of extensions by any application, project, or standard - regardless of the institution or jurisdiction that uses or defines the extensions.  The use of extensions is what allows the FHIR specification to retain a core level of simplicity for everyone.","","","","","","","","",,,,,"","value:url}
","Extensions are always sliced by (at least) url",,"open","Element.extension",0,*,"","ele-1:All FHIR elements must have a @value or children {hasValue() or (children().count() > id.count())}
ext-1:Must have either extensions or value[x], not both {extension.exists() != value.exists()}"
"mii-lm-mikrobio-untersuchungsarten.WeitereEigenschaften.modifierExtension","mii-lm-mikrobio-untersuchungsarten.WeitereEigenschaften.modifierExtension","","extensions
user contentmodifiers","",0,*,"","Y","Y","Extension {[]} {[]}
","Extensions that cannot be ignored even if unrecognized","May be used to represent additional information that is not part of the basic definition of the element and that modifies the understanding of the element in which it is contained and/or the understanding of the containing element's descendants. Usually modifier elements provide negation or qualification. To make the use of extensions safe and manageable, there is a strict set of governance applied to the definition and use of extensions. Though any implementer can define an extension, there is a set of requirements that SHALL be met as part of the definition of the extension. Applications processing a resource are required to check for modifier extensions.

Modifier extensions SHALL NOT change the meaning of any elements on Resource or DomainResource (including cannot change the meaning of modifierExtension itself).","There can be no stigma associated with the use of extensions by any application, project, or standard - regardless of the institution or jurisdiction that uses or defines the extensions.  The use of extensions is what allows the FHIR specification to retain a core level of simplicity for everyone.","Modifier extensions allow for extensions that *cannot* be safely ignored to be clearly distinguished from the vast majority of extensions which can be safely ignored.  This promotes interoperability by eliminating the need for implementers to prohibit the presence of extensions. For further information, see the [definition of modifier extensions](http://hl7.org/fhir/R4/extensibility.html#modifierExtension).","","","","","","","",,,,,"",,,,"BackboneElement.modifierExtension",0,*,"","ele-1:All FHIR elements must have a @value or children {hasValue() or (children().count() > id.count())}
ext-1:Must have either extensions or value[x], not both {extension.exists() != value.exists()}"
"mii-lm-mikrobio-untersuchungsarten.WeitereEigenschaften.Virulenzfaktor","mii-lm-mikrobio-untersuchungsarten.WeitereEigenschaften.Virulenzfaktor","","","",0,*,"","","","BackboneElement {[]} {[]}
","Virulenzfaktor","Qualitativer Nachweis oder Ausschluss von Virulenzdeterminanten in einer Probe.","","","","","","","","","",,,,,"",,,,"mii-lm-mikrobio-untersuchungsarten.WeitereEigenschaften.Virulenzfaktor",0,*,"","ele-1:All FHIR elements must have a @value or children {hasValue() or (children().count() > id.count())}
"
"mii-lm-mikrobio-untersuchungsarten.WeitereEigenschaften.Virulenzfaktor.id","mii-lm-mikrobio-untersuchungsarten.WeitereEigenschaften.Virulenzfaktor.id","","","",0,1,"","","","string {[]} {[]}
","Unique id for inter-element referencing","Unique id for the element within a resource (for internal references). This may be any string value that does not contain spaces.","","","","","","","","","",,,,,"",,,,"Element.id",0,1,"",""
"mii-lm-mikrobio-untersuchungsarten.WeitereEigenschaften.Virulenzfaktor.extension","mii-lm-mikrobio-untersuchungsarten.WeitereEigenschaften.Virulenzfaktor.extension","","extensions
user content","",0,*,"","","","Extension {[]} {[]}
","Additional content defined by implementations","May be used to represent additional information that is not part of the basic definition of the element. To make the use of extensions safe and manageable, there is a strict set of governance  applied to the definition and use of extensions. Though any implementer can define an extension, there is a set of requirements that SHALL be met as part of the definition of the extension.","There can be no stigma associated with the use of extensions by any application, project, or standard - regardless of the institution or jurisdiction that uses or defines the extensions.  The use of extensions is what allows the FHIR specification to retain a core level of simplicity for everyone.","","","","","","","","",,,,,"","value:url}
","Extensions are always sliced by (at least) url",,"open","Element.extension",0,*,"","ele-1:All FHIR elements must have a @value or children {hasValue() or (children().count() > id.count())}
ext-1:Must have either extensions or value[x], not both {extension.exists() != value.exists()}"
"mii-lm-mikrobio-untersuchungsarten.WeitereEigenschaften.Virulenzfaktor.modifierExtension","mii-lm-mikrobio-untersuchungsarten.WeitereEigenschaften.Virulenzfaktor.modifierExtension","","extensions
user contentmodifiers","",0,*,"","Y","Y","Extension {[]} {[]}
","Extensions that cannot be ignored even if unrecognized","May be used to represent additional information that is not part of the basic definition of the element and that modifies the understanding of the element in which it is contained and/or the understanding of the containing element's descendants. Usually modifier elements provide negation or qualification. To make the use of extensions safe and manageable, there is a strict set of governance applied to the definition and use of extensions. Though any implementer can define an extension, there is a set of requirements that SHALL be met as part of the definition of the extension. Applications processing a resource are required to check for modifier extensions.

Modifier extensions SHALL NOT change the meaning of any elements on Resource or DomainResource (including cannot change the meaning of modifierExtension itself).","There can be no stigma associated with the use of extensions by any application, project, or standard - regardless of the institution or jurisdiction that uses or defines the extensions.  The use of extensions is what allows the FHIR specification to retain a core level of simplicity for everyone.","Modifier extensions allow for extensions that *cannot* be safely ignored to be clearly distinguished from the vast majority of extensions which can be safely ignored.  This promotes interoperability by eliminating the need for implementers to prohibit the presence of extensions. For further information, see the [definition of modifier extensions](http://hl7.org/fhir/R4/extensibility.html#modifierExtension).","","","","","","","",,,,,"",,,,"BackboneElement.modifierExtension",0,*,"","ele-1:All FHIR elements must have a @value or children {hasValue() or (children().count() > id.count())}
ext-1:Must have either extensions or value[x], not both {extension.exists() != value.exists()}"
"mii-lm-mikrobio-untersuchungsarten.WeitereEigenschaften.Virulenzfaktor.Untersuchungscode","mii-lm-mikrobio-untersuchungsarten.WeitereEigenschaften.Virulenzfaktor.Untersuchungscode","","","",1,1,"","","","CodeableConcept {[]} {[]}
","Untersuchungscode","Kodierung der untersuchten Virulenzdeterminante (LOINC).","","","","","","","","","",,,,,"",,,,"mii-lm-mikrobio-untersuchungsarten.WeitereEigenschaften.Virulenzfaktor.Untersuchungscode",1,1,"",""
"mii-lm-mikrobio-untersuchungsarten.WeitereEigenschaften.Virulenzfaktor.Ergebnis","mii-lm-mikrobio-untersuchungsarten.WeitereEigenschaften.Virulenzfaktor.Ergebnis","","","",0,1,"","","","CodeableConcept {[]} {[]}
","Ergebnis","Nachgewiesen oder nicht nachgewiesen (SNOMED CT).","","","","","","","","","",,,,,"",,,,"mii-lm-mikrobio-untersuchungsarten.WeitereEigenschaften.Virulenzfaktor.Ergebnis",0,1,"",""
"mii-lm-mikrobio-untersuchungsarten.WeitereEigenschaften.ResistenzmechanismenDeterminanten","mii-lm-mikrobio-untersuchungsarten.WeitereEigenschaften.ResistenzmechanismenDeterminanten","","","",0,*,"","","","BackboneElement {[]} {[]}
","Resistenzmechanismus","Nachweis von Resistenzgenen oder Resistenzmutationen als Hinweis auf einen spezifischen Resistenzmechanismus.","","","","","","","","","",,,,,"",,,,"mii-lm-mikrobio-untersuchungsarten.WeitereEigenschaften.ResistenzmechanismenDeterminanten",0,*,"","ele-1:All FHIR elements must have a @value or children {hasValue() or (children().count() > id.count())}
"
"mii-lm-mikrobio-untersuchungsarten.WeitereEigenschaften.ResistenzmechanismenDeterminanten.id","mii-lm-mikrobio-untersuchungsarten.WeitereEigenschaften.ResistenzmechanismenDeterminanten.id","","","",0,1,"","","","string {[]} {[]}
","Unique id for inter-element referencing","Unique id for the element within a resource (for internal references). This may be any string value that does not contain spaces.","","","","","","","","","",,,,,"",,,,"Element.id",0,1,"",""
"mii-lm-mikrobio-untersuchungsarten.WeitereEigenschaften.ResistenzmechanismenDeterminanten.extension","mii-lm-mikrobio-untersuchungsarten.WeitereEigenschaften.ResistenzmechanismenDeterminanten.extension","","extensions
user content","",0,*,"","","","Extension {[]} {[]}
","Additional content defined by implementations","May be used to represent additional information that is not part of the basic definition of the element. To make the use of extensions safe and manageable, there is a strict set of governance  applied to the definition and use of extensions. Though any implementer can define an extension, there is a set of requirements that SHALL be met as part of the definition of the extension.","There can be no stigma associated with the use of extensions by any application, project, or standard - regardless of the institution or jurisdiction that uses or defines the extensions.  The use of extensions is what allows the FHIR specification to retain a core level of simplicity for everyone.","","","","","","","","",,,,,"","value:url}
","Extensions are always sliced by (at least) url",,"open","Element.extension",0,*,"","ele-1:All FHIR elements must have a @value or children {hasValue() or (children().count() > id.count())}
ext-1:Must have either extensions or value[x], not both {extension.exists() != value.exists()}"
"mii-lm-mikrobio-untersuchungsarten.WeitereEigenschaften.ResistenzmechanismenDeterminanten.modifierExtension","mii-lm-mikrobio-untersuchungsarten.WeitereEigenschaften.ResistenzmechanismenDeterminanten.modifierExtension","","extensions
user contentmodifiers","",0,*,"","Y","Y","Extension {[]} {[]}
","Extensions that cannot be ignored even if unrecognized","May be used to represent additional information that is not part of the basic definition of the element and that modifies the understanding of the element in which it is contained and/or the understanding of the containing element's descendants. Usually modifier elements provide negation or qualification. To make the use of extensions safe and manageable, there is a strict set of governance applied to the definition and use of extensions. Though any implementer can define an extension, there is a set of requirements that SHALL be met as part of the definition of the extension. Applications processing a resource are required to check for modifier extensions.

Modifier extensions SHALL NOT change the meaning of any elements on Resource or DomainResource (including cannot change the meaning of modifierExtension itself).","There can be no stigma associated with the use of extensions by any application, project, or standard - regardless of the institution or jurisdiction that uses or defines the extensions.  The use of extensions is what allows the FHIR specification to retain a core level of simplicity for everyone.","Modifier extensions allow for extensions that *cannot* be safely ignored to be clearly distinguished from the vast majority of extensions which can be safely ignored.  This promotes interoperability by eliminating the need for implementers to prohibit the presence of extensions. For further information, see the [definition of modifier extensions](http://hl7.org/fhir/R4/extensibility.html#modifierExtension).","","","","","","","",,,,,"",,,,"BackboneElement.modifierExtension",0,*,"","ele-1:All FHIR elements must have a @value or children {hasValue() or (children().count() > id.count())}
ext-1:Must have either extensions or value[x], not both {extension.exists() != value.exists()}"
"mii-lm-mikrobio-untersuchungsarten.WeitereEigenschaften.ResistenzmechanismenDeterminanten.Untersuchungscode","mii-lm-mikrobio-untersuchungsarten.WeitereEigenschaften.ResistenzmechanismenDeterminanten.Untersuchungscode","","","",1,1,"","","","CodeableConcept {[]} {[]}
","Untersuchungscode","Kodierung des untersuchten Resistenzgens bzw. Resistenzmechanismus (LOINC).","","","","","","","","","",,,,,"",,,,"mii-lm-mikrobio-untersuchungsarten.WeitereEigenschaften.ResistenzmechanismenDeterminanten.Untersuchungscode",1,1,"",""
"mii-lm-mikrobio-untersuchungsarten.WeitereEigenschaften.ResistenzmechanismenDeterminanten.Ergebnis","mii-lm-mikrobio-untersuchungsarten.WeitereEigenschaften.ResistenzmechanismenDeterminanten.Ergebnis","","","",0,1,"","","","CodeableConcept {[]} {[]}
","Ergebnis","Nachgewiesen oder nicht nachgewiesen (SNOMED CT).","","","","","","","","","",,,,,"",,,,"mii-lm-mikrobio-untersuchungsarten.WeitereEigenschaften.ResistenzmechanismenDeterminanten.Ergebnis",0,1,"",""
"mii-lm-mikrobio-untersuchungsarten.WeitereEigenschaften.ResistenzmechanismenDeterminanten.Untersuchungsmethode","mii-lm-mikrobio-untersuchungsarten.WeitereEigenschaften.ResistenzmechanismenDeterminanten.Untersuchungsmethode","","","",0,1,"","","","CodeableConcept {[]} {[]}
","Untersuchungsmethode","Eingesetztes Nachweisverfahren (SNOMED CT).","","","","","","","","","",,,,,"",,,,"mii-lm-mikrobio-untersuchungsarten.WeitereEigenschaften.ResistenzmechanismenDeterminanten.Untersuchungsmethode",0,1,"",""
"mii-lm-mikrobio-untersuchungsarten.WeitereEigenschaften.MRGNKlasse","mii-lm-mikrobio-untersuchungsarten.WeitereEigenschaften.MRGNKlasse","","","",0,*,"","","","BackboneElement {[]} {[]}
","MRGN Klasse","Einstufung multiresistenter gramnegativer Erreger entsprechend der RKI-Kategorisierung.","","","","","","","","","",,,,,"",,,,"mii-lm-mikrobio-untersuchungsarten.WeitereEigenschaften.MRGNKlasse",0,*,"","ele-1:All FHIR elements must have a @value or children {hasValue() or (children().count() > id.count())}
"
"mii-lm-mikrobio-untersuchungsarten.WeitereEigenschaften.MRGNKlasse.id","mii-lm-mikrobio-untersuchungsarten.WeitereEigenschaften.MRGNKlasse.id","","","",0,1,"","","","string {[]} {[]}
","Unique id for inter-element referencing","Unique id for the element within a resource (for internal references). This may be any string value that does not contain spaces.","","","","","","","","","",,,,,"",,,,"Element.id",0,1,"",""
"mii-lm-mikrobio-untersuchungsarten.WeitereEigenschaften.MRGNKlasse.extension","mii-lm-mikrobio-untersuchungsarten.WeitereEigenschaften.MRGNKlasse.extension","","extensions
user content","",0,*,"","","","Extension {[]} {[]}
","Additional content defined by implementations","May be used to represent additional information that is not part of the basic definition of the element. To make the use of extensions safe and manageable, there is a strict set of governance  applied to the definition and use of extensions. Though any implementer can define an extension, there is a set of requirements that SHALL be met as part of the definition of the extension.","There can be no stigma associated with the use of extensions by any application, project, or standard - regardless of the institution or jurisdiction that uses or defines the extensions.  The use of extensions is what allows the FHIR specification to retain a core level of simplicity for everyone.","","","","","","","","",,,,,"","value:url}
","Extensions are always sliced by (at least) url",,"open","Element.extension",0,*,"","ele-1:All FHIR elements must have a @value or children {hasValue() or (children().count() > id.count())}
ext-1:Must have either extensions or value[x], not both {extension.exists() != value.exists()}"
"mii-lm-mikrobio-untersuchungsarten.WeitereEigenschaften.MRGNKlasse.modifierExtension","mii-lm-mikrobio-untersuchungsarten.WeitereEigenschaften.MRGNKlasse.modifierExtension","","extensions
user contentmodifiers","",0,*,"","Y","Y","Extension {[]} {[]}
","Extensions that cannot be ignored even if unrecognized","May be used to represent additional information that is not part of the basic definition of the element and that modifies the understanding of the element in which it is contained and/or the understanding of the containing element's descendants. Usually modifier elements provide negation or qualification. To make the use of extensions safe and manageable, there is a strict set of governance applied to the definition and use of extensions. Though any implementer can define an extension, there is a set of requirements that SHALL be met as part of the definition of the extension. Applications processing a resource are required to check for modifier extensions.

Modifier extensions SHALL NOT change the meaning of any elements on Resource or DomainResource (including cannot change the meaning of modifierExtension itself).","There can be no stigma associated with the use of extensions by any application, project, or standard - regardless of the institution or jurisdiction that uses or defines the extensions.  The use of extensions is what allows the FHIR specification to retain a core level of simplicity for everyone.","Modifier extensions allow for extensions that *cannot* be safely ignored to be clearly distinguished from the vast majority of extensions which can be safely ignored.  This promotes interoperability by eliminating the need for implementers to prohibit the presence of extensions. For further information, see the [definition of modifier extensions](http://hl7.org/fhir/R4/extensibility.html#modifierExtension).","","","","","","","",,,,,"",,,,"BackboneElement.modifierExtension",0,*,"","ele-1:All FHIR elements must have a @value or children {hasValue() or (children().count() > id.count())}
ext-1:Must have either extensions or value[x], not both {extension.exists() != value.exists()}"
"mii-lm-mikrobio-untersuchungsarten.WeitereEigenschaften.MRGNKlasse.Untersuchungscode","mii-lm-mikrobio-untersuchungsarten.WeitereEigenschaften.MRGNKlasse.Untersuchungscode","","","",1,1,"","","","CodeableConcept {[]} {[]}
","Untersuchungscode","Kodierung der Untersuchung; hier fest: MRGN-Klassifikation (LOINC).","","","","","","","","","",,,,,"",,,,"mii-lm-mikrobio-untersuchungsarten.WeitereEigenschaften.MRGNKlasse.Untersuchungscode",1,1,"",""
"mii-lm-mikrobio-untersuchungsarten.WeitereEigenschaften.MRGNKlasse.Ergebnis","mii-lm-mikrobio-untersuchungsarten.WeitereEigenschaften.MRGNKlasse.Ergebnis","","","",0,1,"","","","CodeableConcept {[]} {[]}
","Ergebnis","MRGN-Klasse, z. B. 3MRGN oder 4MRGN (LOINC).","","","","","","","","","",,,,,"",,,,"mii-lm-mikrobio-untersuchungsarten.WeitereEigenschaften.MRGNKlasse.Ergebnis",0,1,"",""
"mii-lm-mikrobio-untersuchungsarten.WeitereEigenschaften.VoraussichtlicheEmpfindlichkeit","mii-lm-mikrobio-untersuchungsarten.WeitereEigenschaften.VoraussichtlicheEmpfindlichkeit","","","",0,*,"","","","BackboneElement {[]} {[]}
","Voraussichtliche Empfindlichkeit","Aus genotypischen Nachweisen abgeleitete erwartete Empfindlichkeit oder Resistenz gegenüber antimikrobiellen Substanzen.","","","","","","","","","",,,,,"",,,,"mii-lm-mikrobio-untersuchungsarten.WeitereEigenschaften.VoraussichtlicheEmpfindlichkeit",0,*,"","ele-1:All FHIR elements must have a @value or children {hasValue() or (children().count() > id.count())}
"
"mii-lm-mikrobio-untersuchungsarten.WeitereEigenschaften.VoraussichtlicheEmpfindlichkeit.id","mii-lm-mikrobio-untersuchungsarten.WeitereEigenschaften.VoraussichtlicheEmpfindlichkeit.id","","","",0,1,"","","","string {[]} {[]}
","Unique id for inter-element referencing","Unique id for the element within a resource (for internal references). This may be any string value that does not contain spaces.","","","","","","","","","",,,,,"",,,,"Element.id",0,1,"",""
"mii-lm-mikrobio-untersuchungsarten.WeitereEigenschaften.VoraussichtlicheEmpfindlichkeit.extension","mii-lm-mikrobio-untersuchungsarten.WeitereEigenschaften.VoraussichtlicheEmpfindlichkeit.extension","","extensions
user content","",0,*,"","","","Extension {[]} {[]}
","Additional content defined by implementations","May be used to represent additional information that is not part of the basic definition of the element. To make the use of extensions safe and manageable, there is a strict set of governance  applied to the definition and use of extensions. Though any implementer can define an extension, there is a set of requirements that SHALL be met as part of the definition of the extension.","There can be no stigma associated with the use of extensions by any application, project, or standard - regardless of the institution or jurisdiction that uses or defines the extensions.  The use of extensions is what allows the FHIR specification to retain a core level of simplicity for everyone.","","","","","","","","",,,,,"","value:url}
","Extensions are always sliced by (at least) url",,"open","Element.extension",0,*,"","ele-1:All FHIR elements must have a @value or children {hasValue() or (children().count() > id.count())}
ext-1:Must have either extensions or value[x], not both {extension.exists() != value.exists()}"
"mii-lm-mikrobio-untersuchungsarten.WeitereEigenschaften.VoraussichtlicheEmpfindlichkeit.modifierExtension","mii-lm-mikrobio-untersuchungsarten.WeitereEigenschaften.VoraussichtlicheEmpfindlichkeit.modifierExtension","","extensions
user contentmodifiers","",0,*,"","Y","Y","Extension {[]} {[]}
","Extensions that cannot be ignored even if unrecognized","May be used to represent additional information that is not part of the basic definition of the element and that modifies the understanding of the element in which it is contained and/or the understanding of the containing element's descendants. Usually modifier elements provide negation or qualification. To make the use of extensions safe and manageable, there is a strict set of governance applied to the definition and use of extensions. Though any implementer can define an extension, there is a set of requirements that SHALL be met as part of the definition of the extension. Applications processing a resource are required to check for modifier extensions.

Modifier extensions SHALL NOT change the meaning of any elements on Resource or DomainResource (including cannot change the meaning of modifierExtension itself).","There can be no stigma associated with the use of extensions by any application, project, or standard - regardless of the institution or jurisdiction that uses or defines the extensions.  The use of extensions is what allows the FHIR specification to retain a core level of simplicity for everyone.","Modifier extensions allow for extensions that *cannot* be safely ignored to be clearly distinguished from the vast majority of extensions which can be safely ignored.  This promotes interoperability by eliminating the need for implementers to prohibit the presence of extensions. For further information, see the [definition of modifier extensions](http://hl7.org/fhir/R4/extensibility.html#modifierExtension).","","","","","","","",,,,,"",,,,"BackboneElement.modifierExtension",0,*,"","ele-1:All FHIR elements must have a @value or children {hasValue() or (children().count() > id.count())}
ext-1:Must have either extensions or value[x], not both {extension.exists() != value.exists()}"
"mii-lm-mikrobio-untersuchungsarten.WeitereEigenschaften.VoraussichtlicheEmpfindlichkeit.Untersuchungscode","mii-lm-mikrobio-untersuchungsarten.WeitereEigenschaften.VoraussichtlicheEmpfindlichkeit.Untersuchungscode","","","",1,1,"","","","CodeableConcept {[]} {[]}
","Untersuchungscode","Betroffene antimikrobielle Substanz bzw. Substanzklasse (LOINC, genotypisch).","","","","","","","","","",,,,,"",,,,"mii-lm-mikrobio-untersuchungsarten.WeitereEigenschaften.VoraussichtlicheEmpfindlichkeit.Untersuchungscode",1,1,"",""
"mii-lm-mikrobio-untersuchungsarten.WeitereEigenschaften.VoraussichtlicheEmpfindlichkeit.Ergebnis","mii-lm-mikrobio-untersuchungsarten.WeitereEigenschaften.VoraussichtlicheEmpfindlichkeit.Ergebnis","","","",0,1,"","","","CodeableConcept {[]} {[]}
","Ergebnis","Erwartete Empfindlichkeit bzw. Resistenz.","","","","","","","","","",,,,,"",,,,"mii-lm-mikrobio-untersuchungsarten.WeitereEigenschaften.VoraussichtlicheEmpfindlichkeit.Ergebnis",0,1,"",""
"mii-lm-mikrobio-untersuchungsarten.WeitereEigenschaften.ResistenzkategorieStatus","mii-lm-mikrobio-untersuchungsarten.WeitereEigenschaften.ResistenzkategorieStatus","","","",0,*,"","","","BackboneElement {[]} {[]}
","Resistenzkategorie Status","Aus den vorliegenden mikrobiologischen Untersuchungen abgeleitete Bewertung eines Erregers hinsichtlich einer definierten Resistenzkategorie, z. B. MRSA, VRE, LRE oder LVRE.","","","","","","","","","",,,,,"",,,,"mii-lm-mikrobio-untersuchungsarten.WeitereEigenschaften.ResistenzkategorieStatus",0,*,"","ele-1:All FHIR elements must have a @value or children {hasValue() or (children().count() > id.count())}
"
"mii-lm-mikrobio-untersuchungsarten.WeitereEigenschaften.ResistenzkategorieStatus.id","mii-lm-mikrobio-untersuchungsarten.WeitereEigenschaften.ResistenzkategorieStatus.id","","","",0,1,"","","","string {[]} {[]}
","Unique id for inter-element referencing","Unique id for the element within a resource (for internal references). This may be any string value that does not contain spaces.","","","","","","","","","",,,,,"",,,,"Element.id",0,1,"",""
"mii-lm-mikrobio-untersuchungsarten.WeitereEigenschaften.ResistenzkategorieStatus.extension","mii-lm-mikrobio-untersuchungsarten.WeitereEigenschaften.ResistenzkategorieStatus.extension","","extensions
user content","",0,*,"","","","Extension {[]} {[]}
","Additional content defined by implementations","May be used to represent additional information that is not part of the basic definition of the element. To make the use of extensions safe and manageable, there is a strict set of governance  applied to the definition and use of extensions. Though any implementer can define an extension, there is a set of requirements that SHALL be met as part of the definition of the extension.","There can be no stigma associated with the use of extensions by any application, project, or standard - regardless of the institution or jurisdiction that uses or defines the extensions.  The use of extensions is what allows the FHIR specification to retain a core level of simplicity for everyone.","","","","","","","","",,,,,"","value:url}
","Extensions are always sliced by (at least) url",,"open","Element.extension",0,*,"","ele-1:All FHIR elements must have a @value or children {hasValue() or (children().count() > id.count())}
ext-1:Must have either extensions or value[x], not both {extension.exists() != value.exists()}"
"mii-lm-mikrobio-untersuchungsarten.WeitereEigenschaften.ResistenzkategorieStatus.modifierExtension","mii-lm-mikrobio-untersuchungsarten.WeitereEigenschaften.ResistenzkategorieStatus.modifierExtension","","extensions
user contentmodifiers","",0,*,"","Y","Y","Extension {[]} {[]}
","Extensions that cannot be ignored even if unrecognized","May be used to represent additional information that is not part of the basic definition of the element and that modifies the understanding of the element in which it is contained and/or the understanding of the containing element's descendants. Usually modifier elements provide negation or qualification. To make the use of extensions safe and manageable, there is a strict set of governance applied to the definition and use of extensions. Though any implementer can define an extension, there is a set of requirements that SHALL be met as part of the definition of the extension. Applications processing a resource are required to check for modifier extensions.

Modifier extensions SHALL NOT change the meaning of any elements on Resource or DomainResource (including cannot change the meaning of modifierExtension itself).","There can be no stigma associated with the use of extensions by any application, project, or standard - regardless of the institution or jurisdiction that uses or defines the extensions.  The use of extensions is what allows the FHIR specification to retain a core level of simplicity for everyone.","Modifier extensions allow for extensions that *cannot* be safely ignored to be clearly distinguished from the vast majority of extensions which can be safely ignored.  This promotes interoperability by eliminating the need for implementers to prohibit the presence of extensions. For further information, see the [definition of modifier extensions](http://hl7.org/fhir/R4/extensibility.html#modifierExtension).","","","","","","","",,,,,"",,,,"BackboneElement.modifierExtension",0,*,"","ele-1:All FHIR elements must have a @value or children {hasValue() or (children().count() > id.count())}
ext-1:Must have either extensions or value[x], not both {extension.exists() != value.exists()}"
"mii-lm-mikrobio-untersuchungsarten.WeitereEigenschaften.ResistenzkategorieStatus.Untersuchungscode","mii-lm-mikrobio-untersuchungsarten.WeitereEigenschaften.ResistenzkategorieStatus.Untersuchungscode","","","",1,1,"","","","CodeableConcept {[]} {[]}
","Untersuchungscode","Bewertete Resistenzkategorie (MII-CodeSystem).","","","","","","","","","",,,,,"",,,,"mii-lm-mikrobio-untersuchungsarten.WeitereEigenschaften.ResistenzkategorieStatus.Untersuchungscode",1,1,"",""
"mii-lm-mikrobio-untersuchungsarten.WeitereEigenschaften.ResistenzkategorieStatus.Ergebnis","mii-lm-mikrobio-untersuchungsarten.WeitereEigenschaften.ResistenzkategorieStatus.Ergebnis","","","",0,1,"","","","CodeableConcept {[]} {[]}
","Ergebnis","Positive oder Negative bezogen auf die im Untersuchungscode benannte Kategorie (SNOMED CT).","","","","","","","","","",,,,,"",,,,"mii-lm-mikrobio-untersuchungsarten.WeitereEigenschaften.ResistenzkategorieStatus.Ergebnis",0,1,"",""
"mii-lm-mikrobio-untersuchungsarten.WeitereEigenschaften.ResistenzkategorieStatus.Grundlage","mii-lm-mikrobio-untersuchungsarten.WeitereEigenschaften.ResistenzkategorieStatus.Grundlage","","","",0,*,"","","","BackboneElement {[]} {[]}
","Grundlage","Untersuchungen, aus denen die Bewertung abgeleitet wurde: Identifikation, Empfindlichkeit und Resistenzmechanismen.","","","","","","","","","",,,,,"",,,,"mii-lm-mikrobio-untersuchungsarten.WeitereEigenschaften.ResistenzkategorieStatus.Grundlage",0,*,"",""
"mii-lm-mikrobio-untersuchungsarten.WeitereEigenschaften.Aviditaet","mii-lm-mikrobio-untersuchungsarten.WeitereEigenschaften.Aviditaet","","","",0,*,"","","","BackboneElement {[]} {[]}
","Aviditaet","Beurteilung der Bindungsstärke von Antikörpern an ein spezifisches Antigen, typischerweise zur Unterscheidung frischer von zurückliegenden Infektionen.","","","","","","","","","",,,,,"",,,,"mii-lm-mikrobio-untersuchungsarten.WeitereEigenschaften.Aviditaet",0,*,"","ele-1:All FHIR elements must have a @value or children {hasValue() or (children().count() > id.count())}
"
"mii-lm-mikrobio-untersuchungsarten.WeitereEigenschaften.Aviditaet.id","mii-lm-mikrobio-untersuchungsarten.WeitereEigenschaften.Aviditaet.id","","","",0,1,"","","","string {[]} {[]}
","Unique id for inter-element referencing","Unique id for the element within a resource (for internal references). This may be any string value that does not contain spaces.","","","","","","","","","",,,,,"",,,,"Element.id",0,1,"",""
"mii-lm-mikrobio-untersuchungsarten.WeitereEigenschaften.Aviditaet.extension","mii-lm-mikrobio-untersuchungsarten.WeitereEigenschaften.Aviditaet.extension","","extensions
user content","",0,*,"","","","Extension {[]} {[]}
","Additional content defined by implementations","May be used to represent additional information that is not part of the basic definition of the element. To make the use of extensions safe and manageable, there is a strict set of governance  applied to the definition and use of extensions. Though any implementer can define an extension, there is a set of requirements that SHALL be met as part of the definition of the extension.","There can be no stigma associated with the use of extensions by any application, project, or standard - regardless of the institution or jurisdiction that uses or defines the extensions.  The use of extensions is what allows the FHIR specification to retain a core level of simplicity for everyone.","","","","","","","","",,,,,"","value:url}
","Extensions are always sliced by (at least) url",,"open","Element.extension",0,*,"","ele-1:All FHIR elements must have a @value or children {hasValue() or (children().count() > id.count())}
ext-1:Must have either extensions or value[x], not both {extension.exists() != value.exists()}"
"mii-lm-mikrobio-untersuchungsarten.WeitereEigenschaften.Aviditaet.modifierExtension","mii-lm-mikrobio-untersuchungsarten.WeitereEigenschaften.Aviditaet.modifierExtension","","extensions
user contentmodifiers","",0,*,"","Y","Y","Extension {[]} {[]}
","Extensions that cannot be ignored even if unrecognized","May be used to represent additional information that is not part of the basic definition of the element and that modifies the understanding of the element in which it is contained and/or the understanding of the containing element's descendants. Usually modifier elements provide negation or qualification. To make the use of extensions safe and manageable, there is a strict set of governance applied to the definition and use of extensions. Though any implementer can define an extension, there is a set of requirements that SHALL be met as part of the definition of the extension. Applications processing a resource are required to check for modifier extensions.

Modifier extensions SHALL NOT change the meaning of any elements on Resource or DomainResource (including cannot change the meaning of modifierExtension itself).","There can be no stigma associated with the use of extensions by any application, project, or standard - regardless of the institution or jurisdiction that uses or defines the extensions.  The use of extensions is what allows the FHIR specification to retain a core level of simplicity for everyone.","Modifier extensions allow for extensions that *cannot* be safely ignored to be clearly distinguished from the vast majority of extensions which can be safely ignored.  This promotes interoperability by eliminating the need for implementers to prohibit the presence of extensions. For further information, see the [definition of modifier extensions](http://hl7.org/fhir/R4/extensibility.html#modifierExtension).","","","","","","","",,,,,"",,,,"BackboneElement.modifierExtension",0,*,"","ele-1:All FHIR elements must have a @value or children {hasValue() or (children().count() > id.count())}
ext-1:Must have either extensions or value[x], not both {extension.exists() != value.exists()}"
"mii-lm-mikrobio-untersuchungsarten.WeitereEigenschaften.Aviditaet.Untersuchungscode","mii-lm-mikrobio-untersuchungsarten.WeitereEigenschaften.Aviditaet.Untersuchungscode","","","",1,1,"","","","CodeableConcept {[]} {[]}
","Untersuchungscode","Kodierung des Aviditätstests einschließlich Zielantigen (LOINC).","","","","","","","","","",,,,,"",,,,"mii-lm-mikrobio-untersuchungsarten.WeitereEigenschaften.Aviditaet.Untersuchungscode",1,1,"",""
"mii-lm-mikrobio-untersuchungsarten.WeitereEigenschaften.Aviditaet.Ergebnis","mii-lm-mikrobio-untersuchungsarten.WeitereEigenschaften.Aviditaet.Ergebnis","","","",0,1,"","","","Quantity {[]} {[]}
","Ergebnis","Aviditätsindex in Prozent.","","","","","","","","","",,,,,"",,,,"mii-lm-mikrobio-untersuchungsarten.WeitereEigenschaften.Aviditaet.Ergebnis",0,1,"",""
"mii-lm-mikrobio-untersuchungsarten.WeitereEigenschaften.Aviditaet.Bewertung","mii-lm-mikrobio-untersuchungsarten.WeitereEigenschaften.Aviditaet.Bewertung","","","",0,1,"","","","CodeableConcept {[]} {[]}
","Bewertung","Kategoriale Einordnung der Avidität, z. B. niedrig oder hoch.","","","","","","","","","",,,,,"",,,,"mii-lm-mikrobio-untersuchungsarten.WeitereEigenschaften.Aviditaet.Bewertung",0,1,"",""
"mii-lm-mikrobio-untersuchungsarten.WeitereEigenschaften.Aviditaet.Untersuchungsmethode","mii-lm-mikrobio-untersuchungsarten.WeitereEigenschaften.Aviditaet.Untersuchungsmethode","","","",0,1,"","","","CodeableConcept {[]} {[]}
","Untersuchungsmethode","Eingesetztes immunologisches Verfahren (SNOMED CT).","","","","","","","","","",,,,,"",,,,"mii-lm-mikrobio-untersuchungsarten.WeitereEigenschaften.Aviditaet.Untersuchungsmethode",0,1,"",""
"mii-lm-mikrobio-untersuchungsarten.QuantitativeTests","mii-lm-mikrobio-untersuchungsarten.QuantitativeTests","","","",0,*,"","","","BackboneElement {[]} {[]}
","Quantitative Tests","Quantitative Messungen erregerspezifischer Analyte.","","","","","","","","","",,,,,"",,,,"mii-lm-mikrobio-untersuchungsarten.QuantitativeTests",0,*,"","ele-1:All FHIR elements must have a @value or children {hasValue() or (children().count() > id.count())}
"
"mii-lm-mikrobio-untersuchungsarten.QuantitativeTests.id","mii-lm-mikrobio-untersuchungsarten.QuantitativeTests.id","","","",0,1,"","","","string {[]} {[]}
","Unique id for inter-element referencing","Unique id for the element within a resource (for internal references). This may be any string value that does not contain spaces.","","","","","","","","","",,,,,"",,,,"Element.id",0,1,"",""
"mii-lm-mikrobio-untersuchungsarten.QuantitativeTests.extension","mii-lm-mikrobio-untersuchungsarten.QuantitativeTests.extension","","extensions
user content","",0,*,"","","","Extension {[]} {[]}
","Additional content defined by implementations","May be used to represent additional information that is not part of the basic definition of the element. To make the use of extensions safe and manageable, there is a strict set of governance  applied to the definition and use of extensions. Though any implementer can define an extension, there is a set of requirements that SHALL be met as part of the definition of the extension.","There can be no stigma associated with the use of extensions by any application, project, or standard - regardless of the institution or jurisdiction that uses or defines the extensions.  The use of extensions is what allows the FHIR specification to retain a core level of simplicity for everyone.","","","","","","","","",,,,,"","value:url}
","Extensions are always sliced by (at least) url",,"open","Element.extension",0,*,"","ele-1:All FHIR elements must have a @value or children {hasValue() or (children().count() > id.count())}
ext-1:Must have either extensions or value[x], not both {extension.exists() != value.exists()}"
"mii-lm-mikrobio-untersuchungsarten.QuantitativeTests.modifierExtension","mii-lm-mikrobio-untersuchungsarten.QuantitativeTests.modifierExtension","","extensions
user contentmodifiers","",0,*,"","Y","Y","Extension {[]} {[]}
","Extensions that cannot be ignored even if unrecognized","May be used to represent additional information that is not part of the basic definition of the element and that modifies the understanding of the element in which it is contained and/or the understanding of the containing element's descendants. Usually modifier elements provide negation or qualification. To make the use of extensions safe and manageable, there is a strict set of governance applied to the definition and use of extensions. Though any implementer can define an extension, there is a set of requirements that SHALL be met as part of the definition of the extension. Applications processing a resource are required to check for modifier extensions.

Modifier extensions SHALL NOT change the meaning of any elements on Resource or DomainResource (including cannot change the meaning of modifierExtension itself).","There can be no stigma associated with the use of extensions by any application, project, or standard - regardless of the institution or jurisdiction that uses or defines the extensions.  The use of extensions is what allows the FHIR specification to retain a core level of simplicity for everyone.","Modifier extensions allow for extensions that *cannot* be safely ignored to be clearly distinguished from the vast majority of extensions which can be safely ignored.  This promotes interoperability by eliminating the need for implementers to prohibit the presence of extensions. For further information, see the [definition of modifier extensions](http://hl7.org/fhir/R4/extensibility.html#modifierExtension).","","","","","","","",,,,,"",,,,"BackboneElement.modifierExtension",0,*,"","ele-1:All FHIR elements must have a @value or children {hasValue() or (children().count() > id.count())}
ext-1:Must have either extensions or value[x], not both {extension.exists() != value.exists()}"
"mii-lm-mikrobio-untersuchungsarten.QuantitativeTests.AntigenAntikoerperQuantitativ","mii-lm-mikrobio-untersuchungsarten.QuantitativeTests.AntigenAntikoerperQuantitativ","","","",0,*,"","","","BackboneElement {[]} {[]}
","Antigen Antikoerper Tests","Quantitative Messung erregerspezifischer Antigene oder Antikörper mittels immunologischer Verfahren.","","","","","","","","","",,,,,"",,,,"mii-lm-mikrobio-untersuchungsarten.QuantitativeTests.AntigenAntikoerperQuantitativ",0,*,"","ele-1:All FHIR elements must have a @value or children {hasValue() or (children().count() > id.count())}
"
"mii-lm-mikrobio-untersuchungsarten.QuantitativeTests.AntigenAntikoerperQuantitativ.id","mii-lm-mikrobio-untersuchungsarten.QuantitativeTests.AntigenAntikoerperQuantitativ.id","","","",0,1,"","","","string {[]} {[]}
","Unique id for inter-element referencing","Unique id for the element within a resource (for internal references). This may be any string value that does not contain spaces.","","","","","","","","","",,,,,"",,,,"Element.id",0,1,"",""
"mii-lm-mikrobio-untersuchungsarten.QuantitativeTests.AntigenAntikoerperQuantitativ.extension","mii-lm-mikrobio-untersuchungsarten.QuantitativeTests.AntigenAntikoerperQuantitativ.extension","","extensions
user content","",0,*,"","","","Extension {[]} {[]}
","Additional content defined by implementations","May be used to represent additional information that is not part of the basic definition of the element. To make the use of extensions safe and manageable, there is a strict set of governance  applied to the definition and use of extensions. Though any implementer can define an extension, there is a set of requirements that SHALL be met as part of the definition of the extension.","There can be no stigma associated with the use of extensions by any application, project, or standard - regardless of the institution or jurisdiction that uses or defines the extensions.  The use of extensions is what allows the FHIR specification to retain a core level of simplicity for everyone.","","","","","","","","",,,,,"","value:url}
","Extensions are always sliced by (at least) url",,"open","Element.extension",0,*,"","ele-1:All FHIR elements must have a @value or children {hasValue() or (children().count() > id.count())}
ext-1:Must have either extensions or value[x], not both {extension.exists() != value.exists()}"
"mii-lm-mikrobio-untersuchungsarten.QuantitativeTests.AntigenAntikoerperQuantitativ.modifierExtension","mii-lm-mikrobio-untersuchungsarten.QuantitativeTests.AntigenAntikoerperQuantitativ.modifierExtension","","extensions
user contentmodifiers","",0,*,"","Y","Y","Extension {[]} {[]}
","Extensions that cannot be ignored even if unrecognized","May be used to represent additional information that is not part of the basic definition of the element and that modifies the understanding of the element in which it is contained and/or the understanding of the containing element's descendants. Usually modifier elements provide negation or qualification. To make the use of extensions safe and manageable, there is a strict set of governance applied to the definition and use of extensions. Though any implementer can define an extension, there is a set of requirements that SHALL be met as part of the definition of the extension. Applications processing a resource are required to check for modifier extensions.

Modifier extensions SHALL NOT change the meaning of any elements on Resource or DomainResource (including cannot change the meaning of modifierExtension itself).","There can be no stigma associated with the use of extensions by any application, project, or standard - regardless of the institution or jurisdiction that uses or defines the extensions.  The use of extensions is what allows the FHIR specification to retain a core level of simplicity for everyone.","Modifier extensions allow for extensions that *cannot* be safely ignored to be clearly distinguished from the vast majority of extensions which can be safely ignored.  This promotes interoperability by eliminating the need for implementers to prohibit the presence of extensions. For further information, see the [definition of modifier extensions](http://hl7.org/fhir/R4/extensibility.html#modifierExtension).","","","","","","","",,,,,"",,,,"BackboneElement.modifierExtension",0,*,"","ele-1:All FHIR elements must have a @value or children {hasValue() or (children().count() > id.count())}
ext-1:Must have either extensions or value[x], not both {extension.exists() != value.exists()}"
"mii-lm-mikrobio-untersuchungsarten.QuantitativeTests.AntigenAntikoerperQuantitativ.Untersuchungscode","mii-lm-mikrobio-untersuchungsarten.QuantitativeTests.AntigenAntikoerperQuantitativ.Untersuchungscode","","","",1,1,"","","","CodeableConcept {[]} {[]}
","Untersuchungscode","Kodierung des gemessenen Antigens bzw. Antikörpers (LOINC).","","","","","","","","","",,,,,"",,,,"mii-lm-mikrobio-untersuchungsarten.QuantitativeTests.AntigenAntikoerperQuantitativ.Untersuchungscode",1,1,"",""
"mii-lm-mikrobio-untersuchungsarten.QuantitativeTests.AntigenAntikoerperQuantitativ.Ergebnis","mii-lm-mikrobio-untersuchungsarten.QuantitativeTests.AntigenAntikoerperQuantitativ.Ergebnis","","","",0,1,"","","","Quantity {[]} {[]}
","Ergebnis","Gemessene Konzentration bzw. Aktivität mit Einheit (UCUM).","","","","","","","","","",,,,,"",,,,"mii-lm-mikrobio-untersuchungsarten.QuantitativeTests.AntigenAntikoerperQuantitativ.Ergebnis",0,1,"",""
"mii-lm-mikrobio-untersuchungsarten.QuantitativeTests.AntigenAntikoerperQuantitativ.Untersuchungsmethode","mii-lm-mikrobio-untersuchungsarten.QuantitativeTests.AntigenAntikoerperQuantitativ.Untersuchungsmethode","","","",0,1,"","","","CodeableConcept {[]} {[]}
","Untersuchungsmethode","Eingesetztes immunologisches Verfahren (SNOMED CT).","","","","","","","","","",,,,,"",,,,"mii-lm-mikrobio-untersuchungsarten.QuantitativeTests.AntigenAntikoerperQuantitativ.Untersuchungsmethode",0,1,"",""
"mii-lm-mikrobio-untersuchungsarten.QuantitativeTests.Titer","mii-lm-mikrobio-untersuchungsarten.QuantitativeTests.Titer","","","",0,*,"","","","BackboneElement {[]} {[]}
","Titer","Semiquantitative Messung aus seriellen Verdünnungsreihen, berichtet als Verhältnis, z. B. 1:160.","","","","","","","","","",,,,,"",,,,"mii-lm-mikrobio-untersuchungsarten.QuantitativeTests.Titer",0,*,"","ele-1:All FHIR elements must have a @value or children {hasValue() or (children().count() > id.count())}
"
"mii-lm-mikrobio-untersuchungsarten.QuantitativeTests.Titer.id","mii-lm-mikrobio-untersuchungsarten.QuantitativeTests.Titer.id","","","",0,1,"","","","string {[]} {[]}
","Unique id for inter-element referencing","Unique id for the element within a resource (for internal references). This may be any string value that does not contain spaces.","","","","","","","","","",,,,,"",,,,"Element.id",0,1,"",""
"mii-lm-mikrobio-untersuchungsarten.QuantitativeTests.Titer.extension","mii-lm-mikrobio-untersuchungsarten.QuantitativeTests.Titer.extension","","extensions
user content","",0,*,"","","","Extension {[]} {[]}
","Additional content defined by implementations","May be used to represent additional information that is not part of the basic definition of the element. To make the use of extensions safe and manageable, there is a strict set of governance  applied to the definition and use of extensions. Though any implementer can define an extension, there is a set of requirements that SHALL be met as part of the definition of the extension.","There can be no stigma associated with the use of extensions by any application, project, or standard - regardless of the institution or jurisdiction that uses or defines the extensions.  The use of extensions is what allows the FHIR specification to retain a core level of simplicity for everyone.","","","","","","","","",,,,,"","value:url}
","Extensions are always sliced by (at least) url",,"open","Element.extension",0,*,"","ele-1:All FHIR elements must have a @value or children {hasValue() or (children().count() > id.count())}
ext-1:Must have either extensions or value[x], not both {extension.exists() != value.exists()}"
"mii-lm-mikrobio-untersuchungsarten.QuantitativeTests.Titer.modifierExtension","mii-lm-mikrobio-untersuchungsarten.QuantitativeTests.Titer.modifierExtension","","extensions
user contentmodifiers","",0,*,"","Y","Y","Extension {[]} {[]}
","Extensions that cannot be ignored even if unrecognized","May be used to represent additional information that is not part of the basic definition of the element and that modifies the understanding of the element in which it is contained and/or the understanding of the containing element's descendants. Usually modifier elements provide negation or qualification. To make the use of extensions safe and manageable, there is a strict set of governance applied to the definition and use of extensions. Though any implementer can define an extension, there is a set of requirements that SHALL be met as part of the definition of the extension. Applications processing a resource are required to check for modifier extensions.

Modifier extensions SHALL NOT change the meaning of any elements on Resource or DomainResource (including cannot change the meaning of modifierExtension itself).","There can be no stigma associated with the use of extensions by any application, project, or standard - regardless of the institution or jurisdiction that uses or defines the extensions.  The use of extensions is what allows the FHIR specification to retain a core level of simplicity for everyone.","Modifier extensions allow for extensions that *cannot* be safely ignored to be clearly distinguished from the vast majority of extensions which can be safely ignored.  This promotes interoperability by eliminating the need for implementers to prohibit the presence of extensions. For further information, see the [definition of modifier extensions](http://hl7.org/fhir/R4/extensibility.html#modifierExtension).","","","","","","","",,,,,"",,,,"BackboneElement.modifierExtension",0,*,"","ele-1:All FHIR elements must have a @value or children {hasValue() or (children().count() > id.count())}
ext-1:Must have either extensions or value[x], not both {extension.exists() != value.exists()}"
"mii-lm-mikrobio-untersuchungsarten.QuantitativeTests.Titer.Untersuchungscode","mii-lm-mikrobio-untersuchungsarten.QuantitativeTests.Titer.Untersuchungscode","","","",1,1,"","","","CodeableConcept {[]} {[]}
","Untersuchungscode","Kodierung des Titertests (LOINC).","","","","","","","","","",,,,,"",,,,"mii-lm-mikrobio-untersuchungsarten.QuantitativeTests.Titer.Untersuchungscode",1,1,"",""
"mii-lm-mikrobio-untersuchungsarten.QuantitativeTests.Titer.Ergebnis","mii-lm-mikrobio-untersuchungsarten.QuantitativeTests.Titer.Ergebnis","","","",0,1,"","","","Ratio {[]} {[]}
","Ergebnis","Titer als Verhältnis; der Zähler ist stets 1, der Nenner gibt die höchste noch reaktive Verdünnungsstufe an.","","","","","","","","","",,,,,"",,,,"mii-lm-mikrobio-untersuchungsarten.QuantitativeTests.Titer.Ergebnis",0,1,"",""
"mii-lm-mikrobio-untersuchungsarten.QuantitativeTests.Titer.Untersuchungsmethode","mii-lm-mikrobio-untersuchungsarten.QuantitativeTests.Titer.Untersuchungsmethode","","","",0,1,"","","","CodeableConcept {[]} {[]}
","Untersuchungsmethode","Eingesetztes Verfahren der Verdünnungsreihe (SNOMED CT).","","","","","","","","","",,,,,"",,,,"mii-lm-mikrobio-untersuchungsarten.QuantitativeTests.Titer.Untersuchungsmethode",0,1,"",""
"mii-lm-mikrobio-untersuchungsarten.QuantitativeTests.MolekularePathogenlast","mii-lm-mikrobio-untersuchungsarten.QuantitativeTests.MolekularePathogenlast","","","",0,*,"","","","BackboneElement {[]} {[]}
","Molekulare Pathogenlast","Quantitative Messung der Nukleinsäurekonzentration eines Erregers, typischerweise als Konzentration pro Volumen.","","","","","","","","","",,,,,"",,,,"mii-lm-mikrobio-untersuchungsarten.QuantitativeTests.MolekularePathogenlast",0,*,"","ele-1:All FHIR elements must have a @value or children {hasValue() or (children().count() > id.count())}
"
"mii-lm-mikrobio-untersuchungsarten.QuantitativeTests.MolekularePathogenlast.id","mii-lm-mikrobio-untersuchungsarten.QuantitativeTests.MolekularePathogenlast.id","","","",0,1,"","","","string {[]} {[]}
","Unique id for inter-element referencing","Unique id for the element within a resource (for internal references). This may be any string value that does not contain spaces.","","","","","","","","","",,,,,"",,,,"Element.id",0,1,"",""
"mii-lm-mikrobio-untersuchungsarten.QuantitativeTests.MolekularePathogenlast.extension","mii-lm-mikrobio-untersuchungsarten.QuantitativeTests.MolekularePathogenlast.extension","","extensions
user content","",0,*,"","","","Extension {[]} {[]}
","Additional content defined by implementations","May be used to represent additional information that is not part of the basic definition of the element. To make the use of extensions safe and manageable, there is a strict set of governance  applied to the definition and use of extensions. Though any implementer can define an extension, there is a set of requirements that SHALL be met as part of the definition of the extension.","There can be no stigma associated with the use of extensions by any application, project, or standard - regardless of the institution or jurisdiction that uses or defines the extensions.  The use of extensions is what allows the FHIR specification to retain a core level of simplicity for everyone.","","","","","","","","",,,,,"","value:url}
","Extensions are always sliced by (at least) url",,"open","Element.extension",0,*,"","ele-1:All FHIR elements must have a @value or children {hasValue() or (children().count() > id.count())}
ext-1:Must have either extensions or value[x], not both {extension.exists() != value.exists()}"
"mii-lm-mikrobio-untersuchungsarten.QuantitativeTests.MolekularePathogenlast.modifierExtension","mii-lm-mikrobio-untersuchungsarten.QuantitativeTests.MolekularePathogenlast.modifierExtension","","extensions
user contentmodifiers","",0,*,"","Y","Y","Extension {[]} {[]}
","Extensions that cannot be ignored even if unrecognized","May be used to represent additional information that is not part of the basic definition of the element and that modifies the understanding of the element in which it is contained and/or the understanding of the containing element's descendants. Usually modifier elements provide negation or qualification. To make the use of extensions safe and manageable, there is a strict set of governance applied to the definition and use of extensions. Though any implementer can define an extension, there is a set of requirements that SHALL be met as part of the definition of the extension. Applications processing a resource are required to check for modifier extensions.

Modifier extensions SHALL NOT change the meaning of any elements on Resource or DomainResource (including cannot change the meaning of modifierExtension itself).","There can be no stigma associated with the use of extensions by any application, project, or standard - regardless of the institution or jurisdiction that uses or defines the extensions.  The use of extensions is what allows the FHIR specification to retain a core level of simplicity for everyone.","Modifier extensions allow for extensions that *cannot* be safely ignored to be clearly distinguished from the vast majority of extensions which can be safely ignored.  This promotes interoperability by eliminating the need for implementers to prohibit the presence of extensions. For further information, see the [definition of modifier extensions](http://hl7.org/fhir/R4/extensibility.html#modifierExtension).","","","","","","","",,,,,"",,,,"BackboneElement.modifierExtension",0,*,"","ele-1:All FHIR elements must have a @value or children {hasValue() or (children().count() > id.count())}
ext-1:Must have either extensions or value[x], not both {extension.exists() != value.exists()}"
"mii-lm-mikrobio-untersuchungsarten.QuantitativeTests.MolekularePathogenlast.Untersuchungscode","mii-lm-mikrobio-untersuchungsarten.QuantitativeTests.MolekularePathogenlast.Untersuchungscode","","","",1,1,"","","","CodeableConcept {[]} {[]}
","Untersuchungscode","Kodierung der gemessenen Pathogenlast einschließlich Ziel (LOINC). Es werden bevorzugt Codes ohne präkoordinierte Probenart verwendet.","","","","","","","","","",,,,,"",,,,"mii-lm-mikrobio-untersuchungsarten.QuantitativeTests.MolekularePathogenlast.Untersuchungscode",1,1,"",""
"mii-lm-mikrobio-untersuchungsarten.QuantitativeTests.MolekularePathogenlast.Ergebnis","mii-lm-mikrobio-untersuchungsarten.QuantitativeTests.MolekularePathogenlast.Ergebnis","","","",0,1,"","","","Quantity {[]} {[]}
","Ergebnis","Gemessene Pathogenlast mit Einheit, z. B. Kopien/mL (UCUM).","","","","","","","","","",,,,,"",,,,"mii-lm-mikrobio-untersuchungsarten.QuantitativeTests.MolekularePathogenlast.Ergebnis",0,1,"",""
"mii-lm-mikrobio-untersuchungsarten.QuantitativeTests.MolekularePathogenlast.Untersuchungsmethode","mii-lm-mikrobio-untersuchungsarten.QuantitativeTests.MolekularePathogenlast.Untersuchungsmethode","","","",0,1,"","","","CodeableConcept {[]} {[]}
","Untersuchungsmethode","Eingesetztes molekulares Verfahren (SNOMED CT).","","","","","","","","","",,,,,"",,,,"mii-lm-mikrobio-untersuchungsarten.QuantitativeTests.MolekularePathogenlast.Untersuchungsmethode",0,1,"",""
